Date,Baseline_GARCH,Regime_Adjustment,Regime_Aware_GARCH,Mu,Nu,Actual_Return
2018-09-14,0.004737333426551242,1.0064603542044892,0.00476793827847153,0.0006600303439669005,6.528264132023408,0.00027544390076635555
2018-09-17,0.004586697140459044,1.007361854381313,0.004620463736898289,0.0006600303439669005,6.528264132023408,-0.005585290991549207
2018-09-18,0.004877682597442072,1.0147749789774527,0.004949750255277966,0.0006600303439669005,6.528264132023408,0.0053546528676252396
2018-09-19,0.004950295797683216,1.015931002012424,0.005029158969998201,0.0006600303439669005,6.528264132023408,0.0012524880331719868
2018-09-20,0.004785944895385841,1.015937014000253,0.004862218566188045,0.0006600303439669005,6.528264132023408,0.00781001418532906
2018-09-21,0.005168575022239583,1.0159368913106654,0.005250946040600036,0.0006600303439669005,6.528264132023408,-0.00036860093700704873
2018-09-24,0.004995510067113892,1.0159372082273743,0.0050751245512554305,0.0006600303439669005,6.528264132023408,-0.003521882314013849
2018-09-25,0.005007676924507626,1.0159368127724102,0.005087483334078223,0.0006600303439669005,6.528264132023408,-0.001305948493117946
2018-09-26,0.004876416252554011,1.015935622847943,0.004954124982804292,0.0006600303439669005,6.528264132023408,-0.003294699681159941
2018-09-27,0.004881982099389446,1.0159365172250263,0.004959783891208636,0.0006600303439669005,6.528264132023408,0.0027594762285113967
2018-09-28,0.004766851111910631,1.015937139162231,0.004842821081446786,0.0006600303439669005,6.528264132023408,-6.870144138179519e-06
2018-10-01,0.004607150544712291,1.0159371270028408,0.004680575288064578,0.0006599215261201601,6.54036187011892,0.0036344923421985013
2018-10-02,0.00456476914845405,1.0159366749865795,0.004637516390761727,0.0006599215261201601,6.54036187011892,-0.0003967689102790794
2018-10-03,0.004437747653482443,1.0159372776128779,0.0045084732698118905,0.0006599215261201601,6.54036187011892,0.0007112667367183715
2018-10-04,0.004307559278485213,1.0158976731386076,0.004376039447919747,0.0006599215261201601,6.54036187011892,-0.008203035421009815
2018-10-05,0.00506133041374516,1.01579497309799,0.0051412739914703035,0.0006599215261201601,6.54036187011892,-0.0055433145846221455
2018-10-08,0.0052742576277541075,1.015729492760182,0.005357219024925201,0.0006599215261201601,6.54036187011892,-0.000395194708349698
2018-10-09,0.0050935179810972005,1.0156893277959702,0.005173431854337303,0.0006599215261201601,6.54036187011892,-0.0014189098341542976
2018-10-10,0.00495944542968677,1.003451503037469,0.004976562970651496,0.0006599215261201601,6.54036187011892,-0.03341638904260208
2018-10-11,0.0119336903761811,0.9948906966421146,0.011872717531870114,0.0006599215261201601,6.54036187011892,-0.02078757997254153
2018-10-12,0.013257706339716855,1.0043778432076496,0.013315746499365197,0.0006599215261201601,6.54036187011892,0.014106235408376288
2018-10-15,0.013300683862340543,1.006332891386765,0.013384915648610446,0.0006599215261201601,6.54036187011892,-0.005922482291300048
2018-10-16,0.012797899520595655,1.0064177241617265,0.01288003290956833,0.0006599215261201601,6.54036187011892,0.02126782803490127
2018-10-17,0.013830116576947507,1.0064296271234998,0.013919039069611814,0.0006599215261201601,6.54036187011892,-0.0002526942626648821
2018-10-18,0.013125393960411003,1.0064257560853354,0.013209734540524537,0.0006599215261201601,6.54036187011892,-0.014496490575341185
2018-10-19,0.013372166952270876,1.006433398890991,0.013458195436311762,0.0006599215261201601,6.54036187011892,-0.00036123513527937907
2018-10-22,0.012694212102329126,1.0064286623095486,0.012775818905220785,0.0006599215261201601,6.54036187011892,-0.004308797096477868
2018-10-23,0.012155327211244855,1.0064369857475075,0.012233570879259928,0.0006599215261201601,6.54036187011892,-0.005527076180694164
2018-10-24,0.01171151554432463,1.006382207883945,0.011786260871164562,0.0006599215261201601,6.54036187011892,-0.03135077386114084
2018-10-25,0.015138040472430695,1.0064161089286598,0.015235167789068272,0.0006599215261201601,6.54036187011892,0.018453717978714167
2018-10-26,0.015449636437204572,1.0063517414353416,0.015547768533123727,0.0006599215261201601,6.54036187011892,-0.017479138010003174
2018-10-29,0.015763944786662806,1.0062560265593572,0.01586256444392841,0.0006599215261201601,6.54036187011892,-0.00658120829519397
2018-10-30,0.015127122736269307,1.006285049558209,0.01522219745233987,0.0006599215261201601,6.54036187011892,0.015545322971877482
2018-10-31,0.015120082239243875,1.0063399608552894,0.015215942968769438,0.0006599215261201601,6.54036187011892,0.010792878754571094
2018-11-01,0.01478347680625531,1.0063431019804814,0.014877249907263468,0.0006540816722466849,6.358531864958928,0.010502498868529206
2018-11-02,0.014368337102904225,1.0063725075443146,0.014459899439491738,0.0006540816722466849,6.358531864958928,-0.006336721055879746
2018-11-05,0.013804462729115896,1.0064123287635662,0.013892981482539384,0.0006540816722466849,6.358531864958928,0.0055846936971941175
2018-11-06,0.013182621674468886,1.006432149150572,0.013267414263274635,0.0006540816722466849,6.358531864958928,0.0062397877444086355
2018-11-07,0.012629971887599893,1.006419442838265,0.012711049270181234,0.0006540816722466849,6.358531864958928,0.020987078560774024
2018-11-08,0.013677762320097377,1.0064282682326504,0.013765686645113401,0.0006540816722466849,6.358531864958928,-0.002512068988491457
2018-11-09,0.013006316738052146,1.0064212230099456,0.013089833198365167,0.0006540816722466849,6.358531864958928,-0.00924158591537243
2018-11-12,0.012744721211464942,1.006445944245793,0.012826872973822219,0.0006540816722466849,6.358531864958928,-0.019898150985467496
2018-11-13,0.013806796343998921,1.0064467306290656,0.01389580504087905,0.0006540816722466849,6.358531864958928,-0.0014830188221738934
2018-11-14,0.013105608076227722,1.0064404860309502,0.013190014561969774,0.0006540816722466849,6.358531864958928,-0.007596188818450545
2018-11-15,0.012712019101439844,1.0064458271536312,0.012793958579341383,0.0006540816722466849,6.358531864958928,0.01053803274264194
2018-11-16,0.012475651699597207,1.0064439979039954,0.012556044773000388,0.0006540816722466849,6.358531864958928,0.002220837537483983
2018-11-19,0.011843978846590749,1.00644872823253,0.011920357447364248,0.0006540816722466849,6.358531864958928,-0.016783161235721437
2018-11-20,0.012584208386489994,1.00644739432992,0.01266534374028758,0.0006540816722466849,6.358531864958928,-0.018317995556585972
2018-11-21,0.013431655179216241,1.0064480729871321,0.013518263472149818,0.0006540816722466849,6.358531864958928,0.0030386693107672014
2018-11-23,0.012757215022028976,1.0064447759906265,0.01283943241511021,0.0006540816722466849,6.358531864958928,-0.006576419711855615
2018-11-26,0.01232400812503281,1.0064451250686846,0.012403437898746131,0.0006540816722466849,6.358531864958928,0.015412975845366429
2018-11-27,0.012634575469737935,1.0064463191859576,0.012716021975994935,0.0006540816722466849,6.358531864958928,0.003256384364612641
2018-11-28,0.012012498260596825,1.0064412532248763,0.012089873803756715,0.0006540816722466849,6.358531864958928,0.022714051303113776
2018-11-29,0.013461375356527704,1.0064485493911026,0.013548181700386444,0.0006540816722466849,6.358531864958928,-0.002185494545393453
2018-11-30,0.012794968527991037,1.006433807420334,0.012877288891449366,0.0006540816722466849,6.358531864958928,0.008137547716617559
2018-12-03,0.012370616468070314,1.0064251143248906,0.01245009909314704,0.0006539655002438596,6.384787528087395,0.010882001794362436
2018-12-04,0.012195752507691376,1.00644897585512,0.012274402621148497,0.0006539655002438596,6.384787528087395,-0.03290022883855611
2018-12-06,0.015865874985182583,1.0064497646888084,0.015968206145419064,0.0006539655002438596,6.384787528087395,-0.0015233879141442856
2018-12-07,0.01505092423905725,1.0063813583184786,0.01514696957965095,0.0006539655002438596,6.384787528087395,-0.02359633545632224
2018-12-10,0.016279534061517737,1.0064058961850484,0.016383819066656778,0.0006539655002438596,6.384787528087395,0.0017606032229163218
2018-12-11,0.015428915082378895,1.0063447255975557,0.015526807314844578,0.0006539655002438596,6.384787528087395,-0.00035640967530566644
2018-12-12,0.014625830130315168,1.006400357696805,0.014719440674761892,0.0006539655002438596,6.384787528087395,0.005404871010351243
2018-12-13,0.013949515663335481,1.0064264501453066,0.01403916153029708,0.0006539655002438596,6.384787528087395,-0.00019995031241503897
2018-12-14,0.013229705721637904,1.0064387200045846,0.01331488809252258,0.0006539655002438596,6.384787528087395,-0.019271212268699812
2018-12-17,0.014106262424579474,1.0064243784205,0.014196886392493852,0.0006539655002438596,6.384787528087395,-0.020992284828576645
2018-12-18,0.015096178964464434,1.0064031922452596,0.015192842700542743,0.0006539655002438596,6.384787528087395,8.639685378910398e-05
2018-12-19,0.014309463054696976,1.0063827785959962,0.014400797189202695,0.0006539655002438596,6.384787528087395,-0.015515459175936802
2018-12-20,0.01453933896583808,1.006264934345833,0.014630426969890867,0.0006539655002438596,6.384787528087395,-0.015897809484103957
2018-12-21,0.014786154704949823,1.0055502287125462,0.014868221245341385,0.0006539655002438596,6.384787528087395,-0.02080312049854063
2018-12-24,0.015639851378162147,0.9929560937776386,0.015529685731722703,0.0006539655002438596,6.384787528087395,-0.02748657287831441
2018-12-26,0.017392626661928444,0.9928758595797819,0.017268719147312435,0.0006539655002438596,6.384787528087395,0.048403177670805035
2018-12-27,0.022581691586219924,0.992801749643487,0.02241914291670875,0.0006539655002438596,6.384787528087395,0.008526228968816992
2018-12-28,0.021526191271511754,0.9927200763262413,0.021369482242068416,0.0006539655002438596,6.384787528087395,-0.0012423539102312722
2018-12-31,0.020387381276587,0.9927203566985641,0.02023896841304307,0.0006539655002438596,6.384787528087395,0.008456625862206874
2019-01-02,0.019513534995097087,0.9927212121486837,0.01937150011363854,0.0006486676570733624,6.370478118687876,0.0012676930626261643
2019-01-03,0.01848111589358996,0.9927219849625143,0.018346610054206895,0.0006486676570733624,6.370478118687876,-0.02506833181891511
2019-01-04,0.019386562268418776,0.9927382571625184,0.019245782038722695,0.0006486676570733624,6.370478118687876,0.03375939906034647
2019-01-07,0.02126390673758742,0.9927279039884166,0.02110927356621033,0.0006486676570733624,6.370478118687876,0.006985975995229761
2019-01-08,0.020237677559542665,0.9927199204218641,0.02009034565643254,0.0006486676570733624,6.370478118687876,0.009648587336497393
2019-01-09,0.019384467980228012,0.9927205933880837,0.01924336055584426,0.0006486676570733624,6.370478118687876,0.004089671332822161
2019-01-10,0.018391951976029833,0.9927224177707245,0.01825810303316739,0.0006486676570733624,6.370478118687876,0.004508241374462229
2019-01-11,0.017465706015742686,0.9927260481883207,0.017338661311827215,0.0006486676570733624,6.370478118687876,-0.0001463085444824661
2019-01-14,0.016548374179706636,0.9927568582596435,0.016428511959950567,0.0006486676570733624,6.370478118687876,-0.00527139458724949
2019-01-15,0.01579727451274269,0.9928307346144484,0.015684019659392427,0.0006486676570733624,6.370478118687876,0.010664618879761001
2019-01-16,0.01531911876371783,0.9930258195757833,0.015212280465519657,0.0006486676570733624,6.370478118687876,0.0022195205290883643
2019-01-17,0.014529236474637585,0.9933869629754547,0.014433154095892433,0.0006486676570733624,6.370478118687876,0.007562730706235749
2019-01-18,0.013956011555749563,0.9936419740436641,0.013867278872031184,0.0006486676570733624,6.370478118687876,0.01309691283985578
2019-01-22,0.013835184915650582,0.9944748343602615,0.013758743227335201,0.0006486676570733624,6.370478118687876,-0.014258476827972471
2019-01-23,0.01398100550844853,0.9939115126219245,0.013895882332877536,0.0006486676570733624,6.370478118687876,0.002200489919450871
2019-01-24,0.013267498399789907,0.9928162293949464,0.013172187734782901,0.0006486676570733624,6.370478118687876,0.001374780110977555
2019-01-25,0.012587315812561011,0.9930072941055723,0.012499296415083494,0.0006486676570733624,6.370478118687876,0.008452867700518018
2019-01-28,0.012208549011739544,0.9947524933678629,0.01214448456983167,0.0006486676570733624,6.370478118687876,-0.007877775848708898
2019-01-29,0.01191161722420897,1.0008282826306674,0.01192148340985894,0.0006486676570733624,6.370478118687876,-0.0014573079351148383
2019-01-30,0.011327688570382877,1.0052046376545458,0.01138664508485526,0.0006486676570733624,6.370478118687876,0.015429609891560045
2019-01-31,0.011774696897618144,1.0061906013886264,0.011847589352583194,0.0006486676570733624,6.370478118687876,0.008560648809767757
2019-02-01,0.011416266936579503,1.0059485293911543,0.011484176935989009,0.0006542040938935721,6.369916712036218,0.0008982065848071141
2019-02-04,0.010836132499413557,1.0063006113727169,0.010904406759075629,0.0006542040938935721,6.369916712036218,0.006753381117479676
2019-02-05,0.01047872624795001,1.0063917074749853,0.010545703200837357,0.0006542040938935721,6.369916712036218,0.0046973704373502
2019-02-06,0.010039913056071027,1.0064261808475252,0.010104431353062769,0.0006542040938935721,6.369916712036218,-0.0022269157175087858
2019-02-07,0.009586859286214257,1.0064460184170132,0.009648656357734507,0.0006542040938935721,6.369916712036218,-0.009401193202230233
2019-02-08,0.0096822974407002,1.006458375772558,0.009744829355913918,0.0006542040938935721,6.369916712036218,0.0006759725660127
2019-02-11,0.009204997665538723,1.0064562626178917,0.00926442754786452,0.0006542040938935721,6.369916712036218,0.0007088518038183947
2019-02-12,0.008756628164693735,1.0064412705721013,0.00881303197600181,0.0006542040938935721,6.369916712036218,0.012807852902838604
2019-02-13,0.009222437752724,1.0064540582495827,0.00928195990318323,0.0006542040938935721,6.369916712036218,0.0030194315937109753
2019-02-14,0.008806532510080933,1.0064531103863459,0.00886336203648943,0.0006542040938935721,6.369916712036218,-0.0026551633836986214
2019-02-15,0.00845108855480896,1.0064707320863369,0.008505773284685037,0.0006542040938935721,6.369916712036218,0.010820004664957538
2019-02-19,0.00869940255876907,1.006636142358889,0.008757133032586344,0.0006542040938935721,6.369916712036218,0.0014976213265920058
2019-02-20,0.00828649590300174,1.0066205617564776,0.008341357160872363,0.0006542040938935721,6.369916712036218,0.00177553356074094
2019-02-21,0.007903023858348613,1.0068246562100174,0.007956959279201408,0.0006542040938935721,6.369916712036218,-0.0035326693258413886
2019-02-22,0.007656810401577607,1.0075788954689173,0.007714840567236482,0.0006542040938935721,6.369916712036218,0.006390638694710404
2019-02-25,0.007538236609371914,1.0087651492346332,0.007604310378219035,0.0006542040938935721,6.369916712036218,0.0012311044497517107
2019-02-26,0.007195960276617524,1.0083073891922565,0.007255739919247404,0.0006542040938935721,6.369916712036218,-0.0007907696728402984
2019-02-27,0.006889223287125324,1.0087459751886427,0.006949476263063542,0.0006542040938935721,6.369916712036218,-0.0005441974362980739
2019-02-28,0.006597947007176472,1.013057017527665,0.00668409651689578,0.0006542040938935721,6.369916712036218,-0.002829507598950442
2019-03-01,0.006320164156808729,1.0157888592478526,0.006419952339103904,0.0006616562507012917,6.346493589516428,0.006871656588713028
2019-03-04,0.006384869434120679,1.0158970840364627,0.006486370240076738,0.0006616562507012917,6.346493589516428,-0.003888107395255168
2019-03-05,0.006289714393867487,1.0159164753172356,0.0063898244777699405,0.0006616562507012917,6.346493589516428,-0.001132173489706859
2019-03-06,0.006049048419173162,1.015884282964595,0.006145133215929845,0.0006616562507012917,6.346493589516428,-0.00654547360412503
2019-03-07,0.006263660514859967,1.0156890048111211,0.006361931114812834,0.0006616562507012917,6.346493589516428,-0.008158911138331157
2019-03-08,0.006662570846232994,1.0157849178619318,0.006767738979790083,0.0006616562507012917,6.346493589516428,-0.0021339641314536495
2019-03-11,0.0064332942657196,1.015918274257673,0.006535701208221639,0.0006616562507012917,6.346493589516428,0.014559535563489445
2019-03-12,0.007669287572846865,1.0159290756831538,0.007791452235030614,0.0006616562507012917,6.346493589516428,0.002948965727805163
2019-03-13,0.0073448285747371635,1.0159304771723539,0.007461835198681866,0.0006616562507012917,6.346493589516428,0.0069255467570192835
2019-03-14,0.007300669414442321,1.0159331316788132,0.0074169919415661145,0.0006616562507012917,6.346493589516428,-0.0008683993315961826
2019-03-15,0.0069801403052130616,1.0159331566888985,0.007091355974406517,0.0006616562507012917,6.346493589516428,0.0049725194084307206
2019-03-18,0.0068125408130354,1.015935188952263,0.006921099938136123,0.0006616562507012917,6.346493589516428,0.0036990967989080333
2019-03-19,0.00658320760951842,1.015934424785771,0.006688107236021406,0.0006616562507012917,6.346493589516428,-0.00013057007992675946
2019-03-20,0.00629858344738916,1.0159338812663514,0.006398944328186065,0.0006616562507012917,6.346493589516428,-0.002948696740769673
2019-03-21,0.0061445207059192715,1.0159312127532178,0.006242410372551824,0.0006616562507012917,6.346493589516428,0.010794015494689354
2019-03-22,0.006765429508202065,1.0157903713227192,0.006872258152294258,0.0006616562507012917,6.346493589516428,-0.019156827134273257
2019-03-25,0.00918538126438142,1.0158489558158272,0.00933095996619213,0.0006616562507012917,6.346493589516428,-0.000839372833310059
2019-03-26,0.008738596578182455,1.0158770693145929,0.00887733988176652,0.0006616562507012917,6.346493589516428,0.007157052947934055
2019-03-27,0.008577208110449666,1.0159022675546616,0.008713605168694051,0.0006616562507012917,6.346493589516428,-0.00465514327659887
2019-03-28,0.008340958119522644,1.015915801861261,0.008473711156286043,0.0006616562507012917,6.346493589516428,0.0035830547152617266
2019-03-29,0.007992140193086677,1.0159260527184348,0.008119423439134897,0.0006616562507012917,6.346493589516428,0.006711706043324668
2019-04-01,0.007862834614063308,1.0159257260347168,0.007988055963983168,0.0006623031888422317,6.34151665293861,0.011502195518044496
2019-04-02,0.008289579741871458,1.015926891554049,0.008421606979448886,0.0006623031888422317,6.34151665293861,1.7455554858152623e-05
2019-04-03,0.007893552459436437,1.015900042353857,0.008019060277863867,0.0006623031888422317,6.34151665293861,0.002146072420089187
2019-04-04,0.007535829299608325,1.0158815065667002,0.007655509622115586,0.0006623031888422317,6.34151665293861,0.0020824652429942735
2019-04-05,0.007200741575254877,1.0158854232200834,0.007315128402676251,0.0006623031888422317,6.34151665293861,0.004625717623099122
2019-04-08,0.0069941541607346225,1.0159232887931824,0.007105524097300038,0.0006623031888422317,6.34151665293861,0.0010469117505236662
2019-04-09,0.0066811004178789655,1.0159217088473653,0.006787474953512445,0.0006623031888422317,6.34151665293861,-0.0060859764356695385
2019-04-10,0.006759291832179321,1.0159334070065213,0.006866990380017289,0.0006623031888422317,6.34151665293861,0.003471837754499924
2019-04-11,0.006526029514078113,1.015934263933455,0.00663001699079295,0.0006623031888422317,6.34151665293861,3.8122340342693696e-05
2019-04-12,0.00624686126894045,1.0159363350772963,0.00634641334330367,0.0006623031888422317,6.34151665293861,0.0065875783895457275
2019-04-15,0.006290278471876167,1.015936759772733,0.0063905251287860515,0.0006623031888422317,6.34151665293861,-0.0006295672443571088
2019-04-16,0.006038879475085731,1.0159368499656156,0.0061351201912406075,0.0006623031888422317,6.34151665293861,0.0005092283251399622
2019-04-17,0.005790488324667117,1.0159361370723676,0.005882766340324957,0.0006623031888422317,6.34151665293861,-0.0022764008207388597
2019-04-18,0.005642226116088743,1.0159376358391625,0.005732149861249178,0.0006623031888422317,6.34151665293861,0.0015778468242496745
2019-04-22,0.0054303251647143695,1.0159338115859096,0.005516850942739152,0.0006623031888422317,6.34151665293861,0.0010115058169329091
2019-04-23,0.005226943102934689,1.0159283732964777,0.005310199803877682,0.0006623031888422317,6.34151665293861,0.008802351174995391
2019-04-24,0.005699052409521035,1.015924521310695,0.005789807091067221,0.0006623031888422317,6.34151665293861,-0.0021941686030362366
2019-04-25,0.005554053183863484,1.0159218860797494,0.005642484185937828,0.0006623031888422317,6.34151665293861,-0.0003690417402728576
2019-04-26,0.005350973843287654,1.0159274513651415,0.005436201218932762,0.0006623031888422317,6.34151665293861,0.004674350323304823
2019-04-29,0.005317047566020919,1.0159264755838644,0.005401729394259396,0.0006623031888422317,6.34151665293861,0.0010709485042338864
2019-04-30,0.005122590679867263,1.0159323053011242,0.005204205358511601,0.0006623031888422317,6.34151665293861,0.0009509646987914453
2019-05-01,0.0049139716619876015,1.0158831791358842,0.004992021154163609,0.0006745377126444813,6.299381033368257,-0.00753044585029134
2019-05-02,0.005457540480345017,1.0159007858473394,0.005544319662776169,0.0006745377126444813,6.299381033368257,-0.0021262446486827887
2019-05-03,0.005327573724677983,1.0159349546680785,0.005412468370471573,0.0006745377126444813,6.299381033368257,0.00959212747891747
2019-05-06,0.0059054483899339495,1.0158440995370863,0.005999014902035189,0.0006745377126444813,6.299381033368257,-0.004481013189072523
2019-05-07,0.005910859569570684,1.0069056348924834,0.005951677807658881,0.0006745377126444813,6.299381033368257,-0.016649488088905522
2019-05-08,0.008033104314540327,1.0063869276944022,0.008084411170958886,0.0006745377126444813,6.299381033368257,-0.0016067153894199682
2019-05-09,0.007683710968211549,1.0064503946268484,0.007733273936155157,0.0006745377126444813,6.299381033368257,-0.0030259986619282898
2019-05-10,0.007420649155108165,1.0069059511619338,0.007471895795763187,0.0006745377126444813,6.299381033368257,0.003713394069918638
2019-05-13,0.007144664547867123,1.006429237060189,0.007190599289960889,0.0006745377126444813,6.299381033368257,-0.024426469138497504
2019-05-14,0.010700463468584094,1.0064550033965525,0.01076953499661849,0.0006745377126444813,6.299381033368257,0.007983987523216093
2019-05-15,0.010428042953015453,1.0064635058640015,0.010495444669792327,0.0006745377126444813,6.299381033368257,0.005821994327723055
2019-05-16,0.01003546432014172,1.0064860308145795,0.010100554650960773,0.0006745377126444813,6.299381033368257,0.008855957116499086
2019-05-17,0.00989560832989345,1.0065571911488014,0.009960495725246233,0.0006745377126444813,6.299381033368257,-0.005854437174043804
2019-05-20,0.009634113783789977,1.00663471197115,0.00969803335384271,0.0006745377126444813,6.299381033368257,-0.006772257975405369
2019-05-21,0.00946854988776138,1.0070158316020554,0.009534979639289575,0.0006745377126444813,6.299381033368257,0.008459949093190606
2019-05-22,0.009348473061511445,1.0082735417987716,0.00942581804414055,0.0006745377126444813,6.299381033368257,-0.0028283923638994365
2019-05-23,0.00895333195285602,1.008488756059558,0.00902933460372406,0.0006745377126444813,6.299381033368257,-0.01198569224128196
2019-05-24,0.009471198922672053,1.0103923127072572,0.009569626583589098,0.0006745377126444813,6.299381033368257,0.0013526437720373175
2019-05-28,0.008996869518771065,1.0081839987336088,0.00907049988751913,0.0006745377126444813,6.299381033368257,-0.008410950000260244
2019-05-29,0.009055722755092935,1.0067992151583862,0.009117294562519506,0.0006745377126444813,6.299381033368257,-0.00693591016723137
2019-05-30,0.008960643286902884,1.0066793461362522,0.009020494525019592,0.0006745377126444813,6.299381033368257,0.002096272674997037
2019-05-31,0.008528317313327505,1.0064493004465487,0.008583318993984656,0.0006745377126444813,6.299381033368257,-0.013283205250452958
2019-06-03,0.009318434872694169,1.006402244353478,0.009378093769741127,0.0006588771632114247,6.283962861702173,-0.002769070654307939
2019-06-04,0.008924614823466974,1.0064626456157435,0.008982291446328053,0.0006588771632114247,6.283962861702173,0.021205927081077776
2019-06-05,0.010835824357559214,1.0067802832298454,0.010909294315732322,0.0006588771632114247,6.283962861702173,0.008128726978813691
2019-06-06,0.010565357900807273,1.0065522513444038,0.010634584781316946,0.0006588771632114247,6.283962861702173,0.006116840676004416
2019-06-07,0.010181972553620265,1.0065120305253756,0.010248277869697977,0.0006588771632114247,6.283962861702173,0.010442979247260026
2019-06-10,0.010182512950473573,1.0065514131359639,0.010249222799574428,0.0006588771632114247,6.283962861702173,0.004649220074765499
2019-06-11,0.009752214394923759,1.0064986504376727,0.009815590627269609,0.0006588771632114247,6.283962861702173,-0.0003499414579512858
2019-06-12,0.009266162689756661,1.0065684608339165,0.009327027116465027,0.0006588771632114247,6.283962861702173,-0.002039657827237423
2019-06-13,0.008848877831920966,1.0069030138709862,0.008909961758337378,0.0006588771632114247,6.283962861702173,0.004089010502850191
2019-06-14,0.008488372707135509,1.0096458313984558,0.008570250119115792,0.0006588771632114247,6.283962861702173,-0.0016128117861529605
2019-06-17,0.008110172493753053,1.0144467156010286,0.008227337849245588,0.0006588771632114247,6.283962861702173,0.0009313154323528439
2019-06-18,0.0077224581281189406,1.0156686512251107,0.007843458631128957,0.0006588771632114247,6.283962861702173,0.009670489592970687
2019-06-19,0.00793093258405444,1.015914685770927,0.008057150884000072,0.0006588771632114247,6.283962861702173,0.0029807167930238428
2019-06-20,0.007592603863714172,1.0158904695726692,0.007713253904387853,0.0006588771632114247,6.283962861702173,0.00942760533587314
2019-06-21,0.007788690222674413,1.0157160950456587,0.007911098018495157,0.0006588771632114247,6.283962861702173,-0.0012600162797279978
2019-06-24,0.007447968414768406,1.0157251613358327,0.007565088919714825,0.0006588771632114247,6.283962861702173,-0.0017333884605870258
2019-06-25,0.007146186880766602,1.0152495638249455,0.0072551631137098395,0.0006588771632114247,6.283962861702173,-0.009541775640387554
2019-06-26,0.007597785588360843,1.0140000958684547,0.0077041553149858584,0.0006588771632114247,6.283962861702173,-0.0012346956788039985
2019-06-27,0.007269501596023659,1.013213879097771,0.007365559911214568,0.0006588771632114247,6.283962861702173,0.0038158857925908473
2019-06-28,0.007013219394319123,1.0094579111026134,0.007079549799893717,0.0006588771632114247,6.283962861702173,0.005740941840599626
2019-07-01,0.006896259948403821,1.0071456545803013,0.00694553823989108,0.0006693151229742604,6.269497448632254,0.007643018610953927
2019-07-02,0.006973577572660389,1.0097780023920602,0.0070417652308470795,0.0006693151229742604,6.269497448632254,0.002923847276988696
2019-07-03,0.006701045469638552,1.0141577651606206,0.006795917297728335,0.0006693151229742604,6.269497448632254,0.007643095660684157
2019-07-05,0.006801976944639422,1.0157254067922263,0.006908940799085221,0.0006693151229742604,6.269497448632254,-0.0018075342045486649
2019-07-08,0.006550709935534802,1.0159128776971793,0.0066549505815686645,0.0006693151229742604,6.269497448632254,-0.004847173010123794
2019-07-09,0.006521947733926983,1.0159232646821788,0.006625798433937638,0.0006693151229742604,6.269497448632254,0.0012357930584538906
2019-07-10,0.006242103350685804,1.0159311084841547,0.006341546976334885,0.0006693151229742604,6.269497448632254,0.004500546936082614
2019-07-11,0.006109515116615567,1.0159293988882105,0.006206836019921689,0.0006693151229742604,6.269497448632254,0.002282619578948549
2019-07-12,0.005879579547234554,1.0159325116852354,0.00597325601707514,0.0006693151229742604,6.269497448632254,0.004609534302066538
2019-07-15,0.005788226447490144,1.0159294359726314,0.005880429630080531,0.0006693151229742604,6.269497448632254,0.00017585372838413283
2019-07-16,0.0055598016076432635,1.0159306620524768,0.0056483729281334456,0.0006693151229742604,6.269497448632254,-0.003409584555010327
2019-07-17,0.00551046643189137,1.0159267909598302,0.005598230478843265,0.0006693151229742604,6.269497448632254,-0.006552665466093182
2019-07-18,0.005804946038567632,1.0159313311505713,0.00589742655621925,0.0006693151229742604,6.269497448632254,0.0035755977088190827
2019-07-19,0.005653838557854022,1.0159281362032886,0.0057438936684749255,0.0006693151229742604,6.269497448632254,-0.006195889464844692
2019-07-22,0.005880699062822751,1.0159344572934355,0.005974404810894846,0.0006693151229742604,6.269497448632254,0.002824701686250326
2019-07-23,0.005687325021437264,1.015936792725493,0.00577796274146642,0.0006693151229742604,6.269497448632254,0.00682414513927642
2019-07-24,0.005824647439588385,1.0159358763400497,0.0059174683009100525,0.0006693151229742604,6.269497448632254,0.004677192813475714
2019-07-25,0.0057435855354204006,1.0159348777941741,0.005835108869027711,0.0006693151229742604,6.269497448632254,-0.005276296483599537
2019-07-26,0.005850393748300173,1.015935771509447,0.0059436242863133825,0.0006693151229742604,6.269497448632254,0.007360535770783042
2019-07-29,0.006028507693703757,1.0159354103369898,0.0061245744375226265,0.0006693151229742604,6.269497448632254,-0.0016174219290574364
2019-07-30,0.005828902751253764,1.0159324125536007,0.005921771234621557,0.0006693151229742604,6.269497448632254,-0.0025819853720443708
2019-07-31,0.005695832085222838,1.015825639623548,0.005785972271159817,0.0006693151229742604,6.269497448632254,-0.01094520695213996
2019-08-01,0.00666584310207237,1.0128367915861025,0.006751411140719332,0.0006702642788479387,6.310827031329905,-0.009039527568806017
2019-08-02,0.007124430821497042,1.011970209050438,0.007209711747795746,0.0006702642788479387,6.310827031329905,-0.007309388539565105
2019-08-05,0.007286560574878629,1.0060631143725163,0.007330739825026386,0.0006702642788479387,6.310827031329905,-0.030230182169694777
2019-08-06,0.0122912460104372,1.0063971718506002,0.012369875223423971,0.0006702642788479387,6.310827031329905,0.012933023911166613
2019-08-07,0.012317921990983043,1.0064449657222465,0.012397310575984236,0.0006702642788479387,6.310827031329905,0.0007665823338588767
2019-08-08,0.011667659655797824,1.0064384930007864,0.011742781800827237,0.0006702642788479387,6.310827031329905,0.018588462466865085
2019-08-09,0.01252192515473332,1.0064459704097213,0.012602641113753475,0.0006702642788479387,6.310827031329905,-0.006638593133657111
2019-08-12,0.012099303878777827,1.0064461455232163,0.012177297752310044,0.0006702642788479387,6.310827031329905,-0.012393809115915354
2019-08-13,0.012237132910031786,1.0064431554843856,0.012315978660054213,0.0006702642788479387,6.310827031329905,0.015018346267301863
2019-08-14,0.012510845464528908,1.0064451714968816,0.01259148000911878,0.0006702642788479387,6.310827031329905,-0.02973035245453567
2019-08-15,0.015487198958143886,1.006444599208174,0.015587007748286374,0.0006702642788479387,6.310827031329905,0.0024612366981802422
2019-08-16,0.014660455631128243,1.0063472921862069,0.014753509826601936,0.0006702642788479387,6.310827031329905,0.014323058172245003
2019-08-19,0.014575797265774766,1.0063301464412004,0.01466806419696437,0.0006702642788479387,6.310827031329905,0.012033175564397505
2019-08-20,0.014285867798356042,1.0063481406642576,0.014376556496650993,0.0006702642788479387,6.310827031329905,-0.007946215312115467
2019-08-21,0.013810561804341277,1.0062516896992921,0.013896901151314913,0.0006702642788479387,6.310827031329905,0.008212979557352937
2019-08-22,0.013303220810176515,1.0063650227835448,0.013387896113727815,0.0006702642788479387,6.310827031329905,-0.00050620295927854
2019-08-23,0.012599843758223208,1.0064232942665758,0.012680776262395154,0.0006702642788479387,6.310827031329905,-0.02628888112283785
2019-08-26,0.014852603615533285,1.0064396076105866,0.0149482485548129,0.0006702642788479387,6.310827031329905,0.01092311273079789
2019-08-27,0.014448383530382325,1.0064122253304904,0.014541029821240482,0.0006702642788479387,6.310827031329905,-0.0032083218005562386
2019-08-28,0.013730190894557315,1.0064204636607814,0.013818345086251412,0.0006702642788479387,6.310827031329905,0.006524151530562512
2019-08-29,0.01313660707393966,1.0064268472319813,0.013221034040750434,0.0006702642788479387,6.310827031329905,0.012607482441094399
2019-08-30,0.013039168786051922,1.006442410548312,0.013123172464580404,0.0006702642788479387,6.310827031329905,0.0006425807598767749
2019-09-03,0.012360196411337565,1.0064390070954858,0.012439783803731766,0.0006710855651013481,6.269479705808194,-0.0069230093326854165
2019-09-04,0.01196477791373871,1.0064407782876486,0.012041840395542056,0.0006710855651013481,6.269479705808194,0.010783725278421427
2019-09-05,0.011811072857434763,1.0064353879201438,0.011887081693025436,0.0006710855651013481,6.269479705808194,0.01292591292175976
2019-09-06,0.011895804114737285,1.0064289820787178,0.011972282026202869,0.0006710855651013481,6.269479705808194,0.0009101908043767861
2019-09-09,0.01126180852187314,1.0064296881810244,0.011334218439023188,0.0006710855651013481,6.269479705808194,-9.401467889992668e-05
2019-09-10,0.010669659883434941,1.0064350481298467,0.01073831965831394,0.0006710855651013481,6.269479705808194,0.0003222524259310153
2019-09-11,0.010111986063696208,1.0064446108794378,0.010177153879095029,0.0006710855651013481,6.269479705808194,0.0072036723263872
2019-09-12,0.009829686074829652,1.0064268123935007,0.00989285962311959,0.0006710855651013481,6.269479705808194,0.0028750162782333164
2019-09-13,0.00935269461473541,1.0064295776290373,0.009412828490801531,0.0006710855651013481,6.269479705808194,-0.0007246768769660504
2019-09-16,0.008889560412865073,1.0065010106146974,0.008947351539469102,0.0006710855651013481,6.269479705808194,-0.0031405129163559896
2019-09-17,0.008538012879303315,1.0069565766092818,0.008597408219989224,0.0006710855651013481,6.269479705808194,0.0025784253724619854
2019-09-18,0.00814000681456037,1.009096931075494,0.008214055895506478,0.0006710855651013481,6.269479705808194,0.00034263328426719085
2019-09-19,0.007744337806888868,1.0146098429677686,0.007857481366136867,0.0006710855651013481,6.269479705808194,1.9974521929475905e-05
2019-09-20,0.007377353122847607,1.0157439485024324,0.007493501790497978,0.0006710855651013481,6.269479705808194,-0.004907599104880387
2019-09-23,0.007270616944006295,1.0156702651077067,0.007384549439015458,0.0006710855651013481,6.269479705808194,-9.694061782751375e-05
2019-09-24,0.0069371329413463155,1.0148037726829786,0.007039828680481609,0.0006710855651013481,6.269479705808194,-0.00845198896355148
2019-09-25,0.007278644859712269,1.0147274634161425,0.007385840835602776,0.0006710855651013481,6.269479705808194,0.0061396852419639035
2019-09-26,0.007172386569977794,1.0152537829496355,0.007281792597947117,0.0006710855651013481,6.269479705808194,-0.002431871009613191
2019-09-27,0.006917707536070425,1.0150310164840264,0.007021687712076774,0.0006710855651013481,6.269479705808194,-0.005330534579128577
2019-09-30,0.006896457807811708,1.015596289870769,0.0070040169628638686,0.0006710855651013481,6.269479705808194,0.005034910215248393
2019-10-01,0.006693051779201569,1.010682933253913,0.006764553204623762,0.0006717101456959644,6.260865006429921,-0.012334126945412846
2019-10-02,0.00772817537221399,1.0064117257993979,0.007777726313630285,0.0006717101456959644,6.260865006429921,-0.01806540418764383
2019-10-03,0.00965791301500888,1.006445974434231,0.009720167675391652,0.0006717101456959644,6.260865006429921,0.007940304773866787
2019-10-04,0.00946983126174307,1.0065072993060158,0.009531454288140697,0.0006717101456959644,6.260865006429921,0.014116785239259274
2019-10-07,0.010039129185517087,1.0065197544613729,0.010104581842812661,0.0006717101456959644,6.260865006429921,-0.00448835227368152
2019-10-08,0.009664480445535242,1.0064520998929245,0.009726836638783052,0.0006717101456959644,6.260865006429921,-0.01568315955210993
2019-10-09,0.01066637189856335,1.0064592804663302,0.010735268986214352,0.0006717101456959644,6.260865006429921,0.009063296514845923
2019-10-10,0.010478586983367857,1.0064581842177482,0.010546259628448146,0.0006717101456959644,6.260865006429921,0.0063952024117826045
2019-10-11,0.010103239977770746,1.006474632401854,0.010168654742694528,0.0006717101456959644,6.260865006429921,0.010879579673789056
2019-10-14,0.010159384945004322,1.0065395623966071,0.01022582287676333,0.0006717101456959644,6.260865006429921,-0.0013880816732189801
2019-10-15,0.009646416049587794,1.0065730826344867,0.009709822739408373,0.0006717101456959644,6.260865006429921,0.009906445376489171
2019-10-16,0.009649158865434741,1.0070685303999087,0.009717364238208615,0.0006717101456959644,6.260865006429921,-0.002001544553193733
2019-10-17,0.009188239684323678,1.008521797016618,0.00926653999785352,0.0006717101456959644,6.260865006429921,0.002759021969775287
2019-10-18,0.008741851481217573,1.013233578103421,0.008857537455562772,0.0006717101456959644,6.260865006429921,-0.003927045709799847
2019-10-21,0.00843831565869854,1.0157075186980293,0.00857086065968742,0.0006717101456959644,6.260865006429921,0.006848114105333746
2019-10-22,0.008275532566645266,1.0159094203792955,0.008407191493110576,0.0006717101456959644,6.260865006429921,-0.003575049258376838
2019-10-23,0.007989177467030732,1.01592666675572,0.008116418434200438,0.0006717101456959644,6.260865006429921,0.002843103345830729
2019-10-24,0.007629716661518102,1.0159305814513597,0.007751262484245213,0.0006717101456959644,6.260865006429921,0.0019186046591713529
2019-10-25,0.007272244333108895,1.0159335524485735,0.007388117019609328,0.0006717101456959644,6.260865006429921,0.004064429510656049
2019-10-28,0.007019859658062038,1.015934347985059,0.007131716544659876,0.0006717101456959644,6.260865006429921,0.0055658199161177
2019-10-29,0.006890051332124847,1.0159313296030001,0.006999819010878519,0.0006717101456959644,6.260865006429921,-0.0008327519564807664
2019-10-30,0.006591660332927368,1.0159154112907762,0.006696569318215002,0.0006717101456959644,6.260865006429921,0.0032480894008573105
2019-10-31,0.006354112571639708,1.0159237435983755,0.006455293831025713,0.0006717101456959644,6.260865006429921,-0.0030274386345390905
2019-11-01,0.006193339015641669,1.0159338983020685,0.006292023049667137,0.0006767282516802545,6.266887113046234,0.009615930559647514
2019-11-04,0.0066381923544543454,1.0159251873387645,0.0067439068112897845,0.0006767282516802545,6.266887113046234,0.0036972458053124275
2019-11-05,0.0064180311944043895,1.0158582546875117,0.0065198099676776495,0.0006767282516802545,6.266887113046234,-0.0011864027118206639
2019-11-06,0.006165423897514892,1.0159138815885909,0.006263539723363412,0.0006767282516802545,6.266887113046234,0.0007022505922896238
2019-11-07,0.005899896740010335,1.0159223552567587,0.005993836991882972,0.0006767282516802545,6.266887113046234,0.002726375244280665
2019-11-08,0.005695811965143253,1.0159341080076303,0.005786569648186998,0.0006767282516802545,6.266887113046234,0.002557403145115828
2019-11-11,0.005502018065419133,1.0159311619473022,0.005589671606256307,0.0006767282516802545,6.266887113046234,-0.0019643954133371925
2019-11-12,0.0053605661525320345,1.0159342056186083,0.005445982515838632,0.0006767282516802545,6.266887113046234,0.0015634233012630327
2019-11-13,0.0051654293878190295,1.0159304292279154,0.005247716895113475,0.0006767282516802545,6.266887113046234,0.0007112815701162954
2019-11-14,0.004977427038457461,1.015929626542472,0.00505671559232249,0.0006767282516802545,6.266887113046234,0.0008366926144567594
2019-11-15,0.00480508696523657,1.0159305906767675,0.004881634838846024,0.0006767282516802545,6.266887113046234,0.007666028777973181
2019-11-18,0.005202421323731371,1.0159297847231274,0.00528529477545742,0.0006767282516802545,6.266887113046234,0.0005030263228096366
2019-11-19,0.005011752288433601,1.0159260063332085,0.005091569487119667,0.0006767282516802545,6.266887113046234,-0.0005927700996925261
2019-11-20,0.004854911746315447,1.0159302487008202,0.004932251697854785,0.0006767282516802545,6.266887113046234,-0.0037632564209410676
2019-11-21,0.0049221465850771765,1.0159266223758945,0.005000539755016499,0.0006767282516802545,6.266887113046234,-0.0015840060861895076
2019-11-22,0.004813926822944648,1.0159347244325496,0.0048906354203067295,0.0006767282516802545,6.266887113046234,0.002172573942375937
2019-11-25,0.004681769441678486,1.0159357993672598,0.004756377180184842,0.0006767282516802545,6.266887113046234,0.0074792518874672075
2019-11-26,0.005073521224659916,1.0159358679739565,0.005154372189059162,0.0006767282516802545,6.266887113046234,0.0021931636449402277
2019-11-27,0.004919237268866717,1.0159359674443276,0.0049976300738343,0.0006767282516802545,6.266887113046234,0.0041657356252997445
2019-11-29,0.004892815541202,1.0159315407078506,0.004970765631172664,0.0006767282516802545,6.266887113046234,-0.004019286229989053
2019-12-02,0.004960470892083905,1.0158618598703912,0.005039153186265294,0.0006889828710506067,6.247966592316281,-0.008668483693963605
2019-12-03,0.005728951948584966,1.015561054820737,0.005818100483922265,0.0006889828710506067,6.247966592316281,-0.006660225258045148
2019-12-04,0.006023729258937531,1.0158965321974613,0.006119485665051022,0.0006889828710506067,6.247966592316281,0.006303657608769993
2019-12-05,0.006066450567842362,1.0159259505342273,0.006163064559504154,0.0006889828710506067,6.247966592316281,0.0014991269266302707
2019-12-06,0.005810429569270216,1.015933659687667,0.005903010976666124,0.0006889828710506067,6.247966592316281,0.009094246030426013
2019-12-09,0.006245166490184477,1.0158315323255025,0.006344037045351978,0.0006889828710506067,6.247966592316281,-0.003167833684474369
2019-12-10,0.006108876875626002,1.0158694668033659,0.006205821494409599,0.0006889828710506067,6.247966592316281,-0.0010975361689841293
2019-12-11,0.0058741183458481195,1.0159116715846013,0.005967585387816336,0.0006889828710506067,6.247966592316281,0.0029039375293507703
2019-12-12,0.005675495789931279,1.0159284047073647,0.005765897383788249,0.0006889828710506067,6.247966592316281,0.008538667375555057
2019-12-13,0.006050451815358784,1.01593627258731,0.0061468734647647265,0.0006889828710506067,6.247966592316281,7.25791502146863e-05
2019-12-16,0.005792953147773647,1.015937294111127,0.005885277145861695,0.0006889828710506067,6.247966592316281,0.007122360942542787
2019-12-17,0.0059588048338573,1.0159371172136349,0.006053771004947658,0.0006889828710506067,6.247966592316281,0.0003352360284609262
2019-12-18,0.00570577911182775,1.0159366776271337,0.005796710274144582,0.0006889828710506067,6.247966592316281,-0.0004323936405227425
2019-12-19,0.005483940001148923,1.0159354984209188,0.005571329318377644,0.0006889828710506067,6.247966592316281,0.004449378821864254
2019-12-20,0.005416426424888789,1.0159331419701416,0.005502727116087369,0.0006889828710506067,6.247966592316281,0.004932595804334098
2019-12-23,0.005396755408176762,1.01593286662614,0.005482741192309142,0.0006889828710506067,6.247966592316281,0.0008657687142985109
2019-12-24,0.005186511455889763,1.0159348821638665,0.00526915790478091,0.0006889828710506067,6.247966592316281,-0.00019546730246814044
2019-12-26,0.005001686495023023,1.015933581344622,0.00508138127365177,0.0006889828710506067,6.247966592316281,0.005115062410053991
2019-12-27,0.005048004875153717,1.0159263098575453,0.005128400964957814,0.0006889828710506067,6.247966592316281,3.3984139657930306e-05
2019-12-30,0.004870625081944156,1.01585130417661,0.004947830841648279,0.0006889828710506067,6.247966592316281,-0.005797596079349905
2019-12-31,0.005185138227660586,1.0158844860020833,0.005267501483256728,0.0006889828710506067,6.247966592316281,0.002941690644190719
2020-01-02,0.005044490563204001,1.01591392287786,0.005124768196984922,0.000696660314816746,6.267896477432466,0.008343895362316707
2020-01-03,0.005499900322076165,1.0158766934223111,0.0055872205533430384,0.000696660314816746,6.267896477432466,-0.007084909364954553
2020-01-06,0.005893354455734851,1.0158988119786747,0.005987051790150264,0.000696660314816746,6.267896477432466,0.003527145194272564
2020-01-07,0.005723954075076154,1.0159271772323277,0.005815120506099597,0.000696660314816746,6.267896477432466,-0.0028071750845948405
2020-01-08,0.005612858899401627,1.0159252126574623,0.005702244870990927,0.000696660314816746,6.267896477432466,0.004890473485641129
2020-01-09,0.0055668410087952236,1.0159288075153379,0.005655514147692812,0.000696660314816746,6.267896477432466,0.006633214116906491
2020-01-10,0.005703375128875937,1.0159323181589854,0.005794243116009233,0.000696660314816746,6.267896477432466,-0.0028592624875049015
2020-01-13,0.0055980044831657584,1.0159344203120044,0.005687205439509007,0.000696660314816746,6.267896477432466,0.006951994045933256
2020-01-14,0.00576847295745133,1.0159345361975969,0.005860390898596697,0.000696660314816746,6.267896477432466,-0.0015156808368957204
2020-01-15,0.005578805431146977,1.0159358523979003,0.005667708451054339,0.000696660314816746,6.267896477432466,0.0018684502436879626
2020-01-16,0.005368535101198204,1.0159339116439783,0.005454076865158293,0.000696660314816746,6.267896477432466,0.008331747422232019
2020-01-17,0.0057631041617159425,1.0159327285568607,0.005854926135969477,0.000696660314816746,6.267896477432466,0.003854723247485144
2020-01-21,0.005625114810953155,1.015932547219194,0.005714737218292054,0.000696660314816746,6.267896477432466,-0.002655500369585384
2020-01-22,0.005513100118406948,1.0159336265039816,0.005600943796572701,0.000696660314816746,6.267896477432466,0.00028903429668107475
2020-01-23,0.005295285129768835,1.0159327992895,0.005379653844922116,0.000696660314816746,6.267896477432466,0.001140326193358241
2020-01-24,0.00509515272451425,1.0159039029625159,0.005176185539024123,0.000696660314816746,6.267896477432466,-0.009083289426193788
2020-01-27,0.005907719201795706,1.0078856506775158,0.005954305411721919,0.000696660314816746,6.267896477432466,-0.015855752356844034
2020-01-28,0.00793428859945144,1.0094873547869412,0.008009564010376417,0.000696660314816746,6.267896477432466,0.010003383500352516
2020-01-29,0.008161519092436715,1.012584009653384,0.008264223727482216,0.000696660314816746,6.267896477432466,-0.0008672501435846315
2020-01-30,0.007767889712117245,1.015393911849673,0.007887467921603561,0.000696660314816746,6.267896477432466,0.0031294569302110597
2020-01-31,0.007428635358128402,1.0124511462492904,0.007521130383405109,0.000696660314816746,6.267896477432466,-0.01786444357136295
2020-02-03,0.00945269205148623,1.0105914474766031,0.00955280974286205,0.0006984778801523471,6.282109071742392,0.007228425761232584
2020-02-04,0.009218980984944003,1.0120013124787013,0.009329620856479521,0.0006984778801523471,6.282109071742392,0.014869315917506062
2020-02-05,0.009954840592502581,1.013450443392499,0.010088737612373387,0.0006984778801523471,6.282109071742392,0.011187778658972936
2020-02-06,0.010062656070544128,1.0126727761260965,0.01019017785816004,0.0006984778801523471,6.282109071742392,0.003320155057001924
2020-02-07,0.00956284113013949,1.01245080936729,0.009681906242060537,0.0006984778801523471,6.282109071742392,-0.005415491009458352
2020-02-10,0.009286734518895416,1.0133488244057822,0.009410701507291267,0.0006984778801523471,6.282109071742392,0.007299690120573207
2020-02-11,0.00907453589116639,1.0148360491485202,0.009209166151647746,0.0006984778801523471,6.282109071742392,0.0016870486860021178
2020-02-12,0.008606099103858574,1.0156172973617976,0.008740503112688633,0.0006984778801523471,6.282109071742392,0.006441853105203067
2020-02-13,0.00838930958860723,1.015872638088426,0.008522470063518955,0.0006984778801523471,6.282109071742392,-0.0016317763599886593
2020-02-14,0.007999629350269384,1.0159196002011504,0.008126980251283061,0.0006984778801523471,6.282109071742392,0.0018418360984854144
2020-02-18,0.0076079678161804585,1.0159219989883355,0.007729101872052973,0.0006984778801523471,6.282109071742392,-0.0029242139861477136
2020-02-19,0.007336248813592996,1.0159264337395455,0.007453089094219504,0.0006984778801523471,6.282109071742392,0.004694748284284925
2020-02-20,0.007110196500673307,1.0159078301717757,0.007223304299093972,0.0006984778801523471,6.282109071742392,-0.0038228174279975285
2020-02-21,0.0069409311037456215,1.015742118674788,0.007050196064894312,0.0006984778801523471,6.282109071742392,-0.010573809232819777
2020-02-24,0.0076279222026357065,1.0047650966725545,0.007664269989341991,0.0006984778801523471,6.282109071742392,-0.03408807942044074
2020-02-25,0.013785830970860278,0.9997921582594557,0.013782965699756445,0.0006984778801523471,6.282109071742392,-0.030747904375353224
2020-02-26,0.016776989316031235,1.0038775122679913,0.016842042297924104,0.0006984778801523471,6.282109071742392,-0.00378569732353003
2020-02-27,0.015881702258670624,0.9927220981944598,0.015766116789127194,0.0006984778801523471,6.282109071742392,-0.045168136352261155
2020-02-28,0.02151876966994811,0.9927197021645661,0.021362106617698787,0.0006984778801523471,6.282109071742392,-0.008272463109653077
2020-03-02,0.020637564911926018,0.9927197477703368,0.02048731823396115,0.000701251531016807,6.177320344155093,0.0450108687694132
2020-03-03,0.024585344461153843,0.9927197147331429,0.0244063561400927,0.000701251531016807,6.177320344155093,-0.02851048492291458
2020-03-04,0.025166848541754393,0.9927197034440406,0.024983626420991507,0.000701251531016807,6.177320344155093,0.041336349360633136
2020-03-05,0.02741041275929323,0.9927197016104303,0.02721085677542431,0.000701251531016807,6.177320344155093,-0.034510782439981125
2020-03-06,0.02842113557195407,0.9927197015995874,0.028214221224111664,0.000701251531016807,6.177320344155093,-0.01720094365238617
2020-03-09,0.027405130015228728,0.992719701599528,0.027205612491014133,0.000701251531016807,6.177320344155093,-0.07901041294037148
2020-03-10,0.037416024869486045,0.9927197015995282,0.03714362504347671,0.000701251531016807,6.177320344155093,0.048215052425859106
2020-03-11,0.03870357793051876,0.992719701599528,0.038421804334018664,0.000701251531016807,6.177320344155093,-0.05010289280860541
2020-03-12,0.040273069496556825,0.992719701599528,0.039979869533118946,0.000701251531016807,6.177320344155093,-0.09994485240247351
2020-03-13,0.051046801670860856,0.992719701599528,0.05067516572230728,0.000701251531016807,6.177320344155093,0.08880840694923595
2020-03-16,0.056565768909493344,0.992719701599528,0.056153953232580094,0.000701251531016807,6.177320344155093,-0.12765219747281742
2020-03-17,0.06879646513597036,0.992719701599528,0.06829560634088283,0.000701251531016807,6.177320344155093,0.05822631263569171
2020-03-18,0.06753239065917042,0.992719701599528,0.06704073470347442,0.000701251531016807,6.177320344155093,-0.053222272332080246
2020-03-19,0.06604597285643057,0.992719701599528,0.06556513846588628,0.000701251531016807,6.177320344155093,0.004696760970401053
2020-03-20,0.062063452013044744,0.992719701599528,0.06161161156262641,0.000701251531016807,6.177320344155093,-0.04432762405336681
2020-03-23,0.06028886613290668,0.992719701599528,0.059849945197233016,0.000701251531016807,6.177320344155093,-0.02973150100957679
2020-03-24,0.057580979562787425,0.992719701599528,0.05716177284937886,0.000701251531016807,6.177320344155093,0.08968323251796326
2020-03-25,0.06199929497213502,0.992719701599528,0.061547921604118996,0.000701251531016807,6.177320344155093,0.011468990420822226
2020-03-26,0.05836319973871231,0.992719701599528,0.05793829822900814,0.000701251531016807,6.177320344155093,0.06054383107424656
2020-03-27,0.05849395282166025,0.992719701599528,0.05806809939049543,0.000701251531016807,6.177320344155093,-0.0342678455416263
2020-03-30,0.056230066787399856,0.992719701599528,0.05582069512210912,0.000701251531016807,6.177320344155093,0.032966590569974794
2020-03-31,0.05395922278024834,0.992719701599528,0.05356638353695059,0.000701251531016807,6.177320344155093,-0.016142310788415843
2020-04-01,0.051108282216016675,0.992719701599528,0.050736198670748536,0.000705113443642884,6.209750462520352,-0.04514636273278691
2020-04-02,0.050490802644400715,0.992719701599528,0.05012321453467014,0.000705113443642884,6.209750462520352,0.022572657056960366
2020-04-03,0.04790864631434695,0.992719701599528,0.04755985707321583,0.000705113443642884,6.209750462520352,-0.015252860825944299
2020-04-06,0.045222190439521553,0.992719701599528,0.044892959398798865,0.000705113443642884,6.209750462520352,0.06796824414483035
2020-04-07,0.04846642799732017,0.992719701599528,0.04811357793909469,0.000705113443642884,6.209750462520352,-0.001604339048362459
2020-04-08,0.045405105208418804,0.992719701599528,0.04507454249359669,0.000705113443642884,6.209750462520352,0.033489371191284686
2020-04-09,0.04405366509902284,0.992719701599528,0.04373294127146749,0.000705113443642884,6.209750462520352,0.014383470303699339
2020-04-13,0.041544065560972045,0.992719701599528,0.041241612366919395,0.000705113443642884,6.209750462520352,-0.01015605944467711
2020-04-14,0.03910336842141999,0.992719701599528,0.03881868423084846,0.000705113443642884,6.209750462520352,0.03011455957230757
2020-04-15,0.03805298873688555,0.992719701599528,0.03777595162385122,0.000705113443642884,6.209750462520352,-0.022276732672369248
2020-04-16,0.03654711202278944,0.992719701599528,0.036281038141588055,0.000705113443642884,6.209750462520352,0.0057998378395412884
2020-04-17,0.034287482489094495,0.992719701599528,0.03403785938517293,0.000705113443642884,6.209750462520352,0.026440932021320578
2020-04-20,0.033365884004563834,0.992719701599528,0.033122970412615076,0.000705113443642884,6.209750462520352,-0.018042845615347775
2020-04-21,0.03194543478144593,0.992719701599528,0.03171286248370419,0.000705113443642884,6.209750462520352,-0.031155115236330667
2020-04-22,0.03194525307108115,0.992719701599528,0.03171268209624509,0.000705113443642884,6.209750462520352,0.02267130058213675
2020-04-23,0.030906528180592526,0.992719701599528,0.03068151943291522,0.000705113443642884,6.209750462520352,-0.0005395676601955963
2020-04-24,0.02896577331808362,0.992719701599528,0.02875489384492754,0.000705113443642884,6.209750462520352,0.013822090566839217
2020-04-27,0.02753228072647749,0.992719701599528,0.02733183750714317,0.000705113443642884,6.209750462520352,0.014606868181735996
2020-04-28,0.02626041378029391,0.9927197015995283,0.02606923013185351,0.000705113443642884,6.209750462520352,-0.005256170190483643
2020-04-29,0.02470395891500951,0.9927197015995283,0.024524106722435247,0.000705113443642884,6.209750462520352,0.02623670404507307
2020-04-30,0.024824839226831055,0.992719701599528,0.024644106989515985,0.000705113443642884,6.209750462520352,-0.009255143319054839
2020-05-01,0.02318735476670641,0.992719701599528,0.02301854390488718,0.0007079693608617401,6.220538918246065,-0.028460211014775954
2020-05-04,0.024022335099600226,0.992719701599528,0.023847445331799007,0.0007079693608617401,6.220538918246065,0.0042408225788494016
2020-05-05,0.022524760325246525,0.9927197015996805,0.02236077334868305,0.0007079693608617401,6.220538918246065,0.008999935197779802
2020-05-06,0.021293574680580952,0.9927197016013796,0.021138551102933015,0.0007079693608617401,6.220538918246065,-0.007003880399042588
2020-05-07,0.020127061198216833,0.9927197027995293,0.019980530210921752,0.0007079693608617401,6.220538918246065,0.011438955754890805
2020-05-08,0.019229568790053643,0.9927197510458915,0.0190895727419819,0.0007079693608617401,6.220538918246065,0.016730795065226244
2020-05-11,0.018880911406044983,0.9927197895275317,0.01874345439709695,0.0007079693608617401,6.220538918246065,0.0001330693667907644
2020-05-12,0.01769212544814077,0.9927197638088565,0.017563322596154965,0.0007079693608617401,6.220538918246065,-0.020713365772047604
2020-05-13,0.018220352268511805,0.9927197084080707,0.018087702791089368,0.0007079693608617401,6.220538918246065,-0.017616996624280044
2020-05-14,0.01825575631607479,0.9927197816394029,0.018122850423755915,0.0007079693608617401,6.220538918246065,0.01145891780407149
2020-05-15,0.017522451714293185,0.9927202887133055,0.017394893324778084,0.0007079693608617401,6.220538918246065,0.003918675203723029
2020-05-18,0.0164626164965923,0.992720147489347,0.016342771076557665,0.0007079693608617401,6.220538918246065,0.031015208770073424
2020-05-19,0.018771965621182874,0.9927197580489674,0.018635301169564196,0.0007079693608617401,6.220538918246065,-0.010539747711599283
2020-05-20,0.018030657318112674,0.9927198139812349,0.017899390778796206,0.0007079693608617401,6.220538918246065,0.0165139906134157
2020-05-21,0.0177926226865913,0.9927198395993353,0.01766308953948441,0.0007079693608617401,6.220538918246065,-0.007803968309953686
2020-05-22,0.01694347134884986,0.9927207931684495,0.016820136316457134,0.0007079693608617401,6.220538918246065,0.002350945686812366
2020-05-26,0.01589423190418354,0.9927226136427455,0.015778563437764993,0.0007079693608617401,6.220538918246065,0.01221428502146052
2020-05-27,0.015447371833618077,0.9927217845273264,0.015334942532926495,0.0007079693608617401,6.220538918246065,0.014718447490314346
2020-05-28,0.015307430388955625,0.9927275992770175,0.015196108621127979,0.0007079693608617401,6.220538918246065,-0.0021101393249195488
2020-05-29,0.01439269588285696,0.9927287912290339,0.014288043586315682,0.0007079693608617401,6.220538918246065,0.004800793552307952
2020-06-01,0.013500809279730066,0.9927203986914571,0.013402528770830955,0.000711084630095553,6.236185399627749,0.003744216478364391
2020-06-02,0.012712567723457769,0.9927218086953399,0.012620043223592996,0.000711084630095553,6.236185399627749,0.008177307282398658
2020-06-03,0.012222624380746292,0.9927246463714724,0.0121337004661077,0.000711084630095553,6.236185399627749,0.01355667081256392
2020-06-04,0.012344677773927172,0.9927234329688307,0.012254850898627006,0.000711084630095553,6.236185399627749,-0.003374389083608904
2020-06-05,0.011681699640199843,0.9927227303441932,0.011596688761879968,0.000711084630095553,6.236185399627749,0.025874012821635813
2020-06-08,0.014129591549525535,0.9927213999520356,0.01402674790379544,0.000711084630095553,6.236185399627749,0.011969656405806002
2020-06-09,0.013837453468719412,0.9927200840665099,0.013736717970733553,0.000711084630095553,6.236185399627749,-0.007829743419721978
2020-06-10,0.013327204048424114,0.9927197977586543,0.013230179307639905,0.000711084630095553,6.236185399627749,-0.005327255735182077
2020-06-11,0.012686711098568455,0.9927197015995312,0.012594348056050336,0.000711084630095553,6.236185399627749,-0.06075269299628893
2020-06-12,0.024783959529408463,0.9927197016298153,0.024603524909239786,0.000711084630095553,6.236185399627749,0.012976286605211731
2020-06-15,0.023587175360542972,0.992719701599562,0.02341545368549476,0.000711084630095553,6.236185399627749,0.00827786081817526
2020-06-16,0.022229915083667683,0.9927197016016557,0.022068074668488726,0.000711084630095553,6.236185399627749,0.018784852866710527
2020-06-17,0.021761728397477365,0.9927197016097593,0.021603296521256355,0.000711084630095553,6.236185399627749,-0.0036067962326294138
2020-06-18,0.020422474393033744,0.9927197017589946,0.020273792688633163,0.000711084630095553,6.236185399627749,0.0005940434038017573
2020-06-19,0.01911624897517403,0.9927197016558268,0.018977076979413268,0.000711084630095553,6.236185399627749,-0.005665513565673728
2020-06-22,0.018039668866698187,0.9927197076436174,0.01790833480333629,0.000711084630095553,6.236185399627749,0.006474093296658384
2020-06-23,0.017017039270597927,0.9927197462635788,0.016893150906865332,0.000711084630095553,6.236185399627749,0.004298169191483789
2020-06-24,0.015991897420787344,0.9927197963706734,0.01587547315114471,0.000711084630095553,6.236185399627749,-0.0261952655956623
2020-06-25,0.017751604977546027,0.9927201037326856,0.01762237513473115,0.000711084630095553,6.236185399627749,0.01089982772821816
2020-06-26,0.01701198063038887,0.9927197624871463,0.016888129370835572,0.000711084630095553,6.236185399627749,-0.024525204274831163
2020-06-29,0.01826524649039653,0.9927208738527243,0.01813229145708185,0.000711084630095553,6.236185399627749,0.01457888811353358
2020-06-30,0.017793925588041132,0.9927208872813383,0.017664401597978302,0.000711084630095553,6.236185399627749,0.015292349435755562
2020-07-01,0.017487952322160463,0.992728477374491,0.01736078828117605,0.0007122744229910398,6.139398367167151,0.005009563975870565
2020-07-02,0.01646881742926838,0.9927349465483603,0.016349170590359452,0.0007122744229910398,6.139398367167151,0.0045309704768169146
2020-07-06,0.015506713732883277,0.9927640092323372,0.015394507295475344,0.0007122744229910398,6.139398367167151,0.01575693083216329
2020-07-07,0.015481399303272773,0.9927909452546256,0.015369793048160479,0.0007122744229910398,6.139398367167151,-0.010877477869643567
2020-07-08,0.015087394044182894,0.9928679916555547,0.014979790623963847,0.0007122744229910398,6.139398367167151,0.007796986263430269
2020-07-09,0.014377257468469837,0.9928399273113636,0.014274315259932353,0.0007122744229910398,6.139398367167151,-0.005659591476194623
2020-07-10,0.013682503994193162,0.9927360142930266,0.013583114480743737,0.0007122744229910398,6.139398367167151,0.010411809774443004
2020-07-13,0.013294813388504129,0.9927199097302065,0.01319802594691576,0.0007122744229910398,6.139398367167151,-0.009406645216058874
2020-07-14,0.012985582338189942,0.9927223845974464,0.012891078264154403,0.0007122744229910398,6.139398367167151,0.01331730058290395
2020-07-15,0.012980238764330505,0.9927465345423069,0.012886087050820824,0.0007122744229910398,6.139398367167151,0.009041056936355048
2020-07-16,0.012542571968473354,0.9927497486394903,0.012451635168994639,0.0007122744229910398,6.139398367167151,-0.0034119152141152374
2020-07-17,0.011877629985196649,0.9928937543189018,0.011793224628412664,0.0007122744229910398,6.139398367167151,0.0028445625875835605
2020-07-20,0.011195084773791476,0.9932491000032865,0.01111950787602888,0.0007122744229910398,6.139398367167151,0.008371797255140334
2020-07-21,0.010873305023935985,0.9940010731576816,0.01080807686256318,0.0007122744229910398,6.139398367167151,0.0016776293345600682
2020-07-22,0.010241493786945347,0.9960505777581401,0.010201045803593314,0.0007122744229910398,6.139398367167151,0.005730630594473862
2020-07-23,0.009808525853856944,0.9940021648281218,0.009749695932506403,0.0007122744229910398,6.139398367167151,-0.012396378412246847
2020-07-24,0.010330125807726218,0.9938705872135302,0.010266808202514499,0.0007122744229910398,6.139398367167151,-0.006209640024276134
2020-07-27,0.010030362152439512,0.9932421729349024,0.009962578699613025,0.0007122744229910398,6.139398367167151,0.007367928821482373
2020-07-28,0.009737601983010363,0.9931582682855479,0.009670979922700489,0.0007122744229910398,6.139398367167151,-0.006494435418646306
2020-07-29,0.009523617030524019,0.9937906194648067,0.009464481268310048,0.0007122744229910398,6.139398367167151,0.012351783351742583
2020-07-30,0.009869337711003644,0.9947270490479025,0.009817297177323835,0.0007122744229910398,6.139398367167151,-0.0037573017634548516
2020-07-31,0.009434771102927043,0.9967275397369247,0.009403896189401503,0.0007122744229910398,6.139398367167151,0.0076412362421762695
2020-08-03,0.009193976486693846,1.0006521667192156,0.00919997249217572,0.00071671137417212,6.1625823437481175,0.007155362664358673
2020-08-04,0.008964235526413417,1.003169851136783,0.00899265081858721,0.00071671137417212,6.1625823437481175,0.003605423026133557
2020-08-05,0.008521091432075373,1.0053624446821638,0.008566785313511538,0.00071671137417212,6.1625823437481175,0.006409160435517922
2020-08-06,0.008295632651459769,1.0058381227275834,0.008344063572981938,0.00071671137417212,6.1625823437481175,0.006407126020664802
2020-08-07,0.008093258719665508,1.0062309796760847,0.00814368765026104,0.00071671137417212,6.1625823437481175,0.0006328292699566697
2020-08-10,0.007654476592492716,1.0062189186535977,0.007702079159757296,0.00071671137417212,6.1625823437481175,0.0027384652733919213
2020-08-11,0.007284041589589454,1.0059750149798021,0.007327563847200753,0.00071671137417212,6.1625823437481175,-0.008001055401377298
2020-08-12,0.0075584580593600435,1.006165620711289,0.007605060644916243,0.00071671137417212,6.1625823437481175,0.013899502293613534
2020-08-13,0.008532617128408011,1.0062732355256487,0.008586144245304699,0.00071671137417212,6.1625823437481175,-0.002049272676156681
2020-08-14,0.008119265635086645,1.0063747156931906,0.008171023645147815,0.00071671137417212,6.1625823437481175,-0.00017189739627902921
2020-08-17,0.007684822064210838,1.0064119648637828,0.007734096873270981,0.00071671137417212,6.1625823437481175,0.002706177507423456
2020-08-18,0.007310817427066764,1.006399946185376,0.0073576062651711,0.00071671137417212,6.1625823437481175,0.0023007404198168474
2020-08-19,0.006954615595965736,1.0063548535535005,0.006998811159598989,0.00071671137417212,6.1625823437481175,-0.004414123345182018
2020-08-20,0.00684662127517225,1.0061965341828187,0.006889046597940669,0.00071671137417212,6.1625823437481175,0.0031536547683461333
2020-08-21,0.006561074415043777,1.00599041088366,0.006600377946628158,0.00071671137417212,6.1625823437481175,0.0034351999829724668
2020-08-24,0.006315167134816213,1.005723141088531,0.00635130972732642,0.00071671137417212,6.1625823437481175,0.009993615364903508
2020-08-25,0.006845501338847862,1.0051039679843892,0.0068804405585184344,0.00071671137417212,6.1625823437481175,0.003589899745540117
2020-08-26,0.006581892034337236,1.003397040116633,0.006604250985621227,0.00071671137417212,6.1625823437481175,0.010144001344841499
2020-08-27,0.007086323321165924,0.9960142107839729,0.007058078730091139,0.00071671137417212,6.1625823437481175,0.0016716460318091384
2020-08-28,0.006733787876696138,0.9948581216898101,0.006699163558867535,0.00071671137417212,6.1625823437481175,0.006710002849570254
2020-08-31,0.006739653768002376,0.9927844577557663,0.006691023511527846,0.00071671137417212,6.1625823437481175,-0.002197375175508541
2020-09-01,0.006475261744949933,0.9927232156140363,0.006428142661389253,0.0007321284561837655,6.162801545493373,0.007496831420705943
2020-09-02,0.006607383194122868,0.9927201815423147,0.006559282643989292,0.0007321284561837655,6.162801545493373,0.01524905014386973
2020-09-03,0.008102979873605925,0.9927197017510053,0.008043987763420473,0.0007321284561837655,6.162801545493373,-0.0357575941421853
2020-09-04,0.014969196372925956,0.9927198440395099,0.014860218288727852,0.0007321284561837655,6.162801545493373,-0.008166280754275102
2020-09-08,0.014384329040292099,0.9927240109706919,0.014279668820000976,0.0007321284561837655,6.162801545493373,-0.02814882908646679
2020-09-09,0.01690199905340485,0.9927371442860967,0.016779242273003443,0.0007321284561837655,6.162801545493373,0.019944760662180386
2020-09-10,0.017225768530868178,0.9927346437945996,0.017100617186579646,0.0007321284561837655,6.162801545493373,-0.017741245925395586
2020-09-11,0.017404547373627396,0.9927722452569262,0.01727875157379661,0.0007321284561837655,6.162801545493373,0.0005329301580873496
2020-09-14,0.016307814022030673,0.9927846522650579,0.016190147473064957,0.0007321284561837655,6.162801545493373,0.012661335025022992
2020-09-15,0.0158530599582522,0.9928945476270067,0.01574041679575263,0.0007321284561837655,6.162801545493373,0.005205785930499657
2020-09-16,0.014945089518632661,0.9931826805507442,0.014843204069186417,0.0007321284561837655,6.162801545493373,-0.0046296468921518345
2020-09-17,0.014142669294017262,0.9941587534995052,0.014060058476495928,0.0007321284561837655,6.162801545493373,-0.008447949528552457
2020-09-18,0.013657385981059238,0.9991642522271855,0.0136459718511431,0.0007321284561837655,6.162801545493373,-0.011245576947828505
2020-09-21,0.013494149735378607,1.0029660637276254,0.01353417424344386,0.0007321284561837655,6.162801545493373,-0.011638564027297718
2020-09-22,0.013394372370905119,1.0056471363063473,0.013470012217421593,0.0007321284561837655,6.162801545493373,0.010463016398376152
2020-09-23,0.013031474657678024,1.0059097096339236,0.013108486889006735,0.0007321284561837655,6.162801545493373,-0.02400733891437413
2020-09-24,0.015023295335044056,1.006011540264147,0.015113608479850844,0.0007321284561837655,6.162801545493373,0.0029830055546290505
2020-09-25,0.014111018678877943,1.0063065204434598,0.01420001010665433,0.0007321284561837655,6.162801545493373,0.015850439224188495
2020-09-28,0.014271099352357701,1.0063897473096801,0.014362288071050605,0.0007321284561837655,6.162801545493373,0.0159821918538544
2020-09-29,0.014426703401193418,1.0063963385304329,0.014518981480025598,0.0007321284561837655,6.162801545493373,-0.004824282704443997
2020-09-30,0.01367405047971102,1.0063922082816763,0.013761457858431489,0.0007321284561837655,6.162801545493373,0.00821984256837961
2020-10-01,0.013121481526999705,1.0063880470408093,0.01320530216823929,0.0007288202249695067,6.125487525255867,0.0052789495642950775
2020-10-02,0.012418183474777356,1.0063327742827985,0.0124968250277255,0.0007288202249695067,6.125487525255867,-0.009623812866370861
2020-10-05,0.012222513611388559,1.006146272160179,0.012297636506525645,0.0007288202249695067,6.125487525255867,0.017813109002900934
2020-10-06,0.012975428400380634,1.0040430183070117,0.013027888294944692,0.0007288202249695067,6.125487525255867,-0.014072064387523205
2020-10-07,0.013258189034826952,1.0039427857523535,0.013310463233655477,0.0007288202249695067,6.125487525255867,0.017247163770241564
2020-10-08,0.01374783404159221,1.004198124526137,0.01380554916086348,0.0007288202249695067,6.125487525255867,0.007978212894869286
2020-10-09,0.01314891953342421,1.0048871798183707,0.01321318066760134,0.0007288202249695067,6.125487525255867,0.008755095180752877
2020-10-12,0.012662019825667415,1.0052791042115494,0.012728863947855818,0.0007288202249695067,6.125487525255867,0.01628253015832422
2020-10-13,0.01310099438747507,1.0055277575808423,0.013173413508517008,0.0007288202249695067,6.125487525255867,-0.006326891629163268
2020-10-14,0.01254559390124208,1.005525056869567,0.012614909021008936,0.0007288202249695067,6.125487525255867,-0.0066451720840594065
2020-10-15,0.01206394602798965,1.0046580422729265,0.012120140398566329,0.0007288202249695067,6.125487525255867,-0.001528923514213078
2020-10-16,0.011358314299716352,1.0006116577769968,0.011365261700991348,0.0007288202249695067,6.125487525255867,0.00013491045663045577
2020-10-19,0.010676791016326142,0.9935074915154187,0.010607471860064542,0.0007288202249695067,6.125487525255867,-0.016464663514942676
2020-10-20,0.011744988031175099,0.9927571440492909,0.011659920774722495,0.0007288202249695067,6.125487525255867,0.0047161953200011274
2020-10-21,0.011123861660587975,0.9927228043727345,0.011042911143153238,0.0007288202249695067,6.125487525255867,-0.0021981140115702774
2020-10-22,0.010508340983616337,0.9927224277279847,0.010431865772649089,0.0007288202249695067,6.125487525255867,0.0052053540034913415
2020-10-23,0.010012302290014636,0.9927287052582655,0.009939499889020596,0.0007288202249695067,6.125487525255867,0.003439838320389479
2020-10-26,0.0094747752219039,0.9927198084853424,0.009405797043730107,0.0007288202249695067,6.125487525255867,-0.018764472985322012
2020-10-27,0.011287015050501172,0.9927197154824507,0.011204842369579663,0.0007288202249695067,6.125487525255867,-0.003030205350445511
2020-10-28,0.010691773802955327,0.9927197016015694,0.010613934499261289,0.0007288202249695067,6.125487525255867,-0.03592554210857772
2020-10-29,0.01642369206379195,0.9927197017680374,0.01630412268749763,0.0007288202249695067,6.125487525255867,0.01187652493999744
2020-10-30,0.015885344153106228,0.9927197031834323,0.015769694132638287,0.0007288202249695067,6.125487525255867,-0.012203713445259962
2020-11-02,0.015571670565365377,0.9927197096221833,0.015458304281981815,0.0007265847298062781,6.109327675311209,0.012242950890591667
2020-11-03,0.015156153821432778,0.9927197169749149,0.015045812732041022,0.0007265847298062781,6.109327675311209,0.01764273768407783
2020-11-04,0.01541914964153972,0.992732165754619,0.015307085817740283,0.0007265847298062781,6.109327675311209,0.021807525655091704
2020-11-05,0.016265158566695893,0.9927564010836128,0.01614734028172731,0.0007265847298062781,6.109327675311209,0.01927326577670128
2020-11-06,0.016595544909797845,0.9928770094326564,0.01647733499994543,0.0007265847298062781,6.109327675311209,-0.00028775658537381985
2020-11-09,0.015557083218269818,0.9929612863639266,0.015447581364483853,0.0007265847298062781,6.109327675311209,0.011631974746344153
2020-11-10,0.015086415298384583,0.993514179834256,0.014988567521813533,0.0007265847298062781,6.109327675311209,-0.001400775220867666
2020-11-11,0.01416694839879098,0.9952219635507549,0.014099258202966982,0.0007265847298062781,6.109327675311209,0.007622728362991461
2020-11-12,0.01351259618060985,0.9989160563514445,0.013497949287804383,0.0007265847298062781,6.109327675311209,-0.01002865154706935
2020-11-13,0.013239598161572337,1.004460456180562,0.013298652809020279,0.0007265847298062781,6.109327675311209,0.013518546706294007
2020-11-16,0.013225117666342387,1.0055743432930473,0.013298839012305524,0.0007265847298062781,6.109327675311209,0.011580734922832603
2020-11-17,0.012993883745478852,1.006153020535026,0.013073835378994524,0.0007265847298062781,6.109327675311209,-0.004803443784647531
2020-11-18,0.012354817681073337,1.0063037536190944,0.012432699407743655,0.0007265847298062781,6.109327675311209,-0.011631210647481315
2020-11-19,0.012400040694787418,1.0063887978519757,0.012479262048142686,0.0007265847298062781,6.109327675311209,0.003938675690732779
2020-11-20,0.011702053537312717,1.0064069152774677,0.011777027602898671,0.0007265847298062781,6.109327675311209,-0.006815737372918576
2020-11-23,0.011316665625154116,1.006382155410208,0.011388890343899208,0.0007265847298062781,6.109327675311209,0.005620108181849693
2020-11-24,0.01077967718550539,1.0063292381175128,0.010847904329242375,0.0007265847298062781,6.109327675311209,0.016032458814031775
2020-11-25,0.01149479798693888,1.005478502550381,0.01155777226702644,0.0007265847298062781,6.109327675311209,-0.0015856747555094064
2020-11-27,0.010836290704983527,1.0051594882965895,0.010892200420054331,0.0007265847298062781,6.109327675311209,0.0023941110259011363
2020-11-30,0.010210848850371957,1.0044554213085388,0.010256342483918173,0.0007265847298062781,6.109327675311209,-0.004606140636972006
2020-12-01,0.009776121810864647,1.0038247285096251,0.009813512822668229,0.0007325058757297302,6.137157247798405,0.011208140661592923
2020-12-02,0.009925961823619218,1.0048373341020491,0.00997397701724425,0.0007325058757297302,6.137157247798405,0.0017895645286042845
2020-12-03,0.009354864005792954,1.0061215902028813,0.009412130649640103,0.0007325058757297302,6.137157247798405,-0.0006243520802942291
2020-12-04,0.008831325893614447,1.0063969088026672,0.008887819079962533,0.0007325058757297302,6.137157247798405,0.00879746371518688
2020-12-07,0.008808388867505172,1.0064088868320777,0.008864840834929947,0.0007325058757297302,6.137157247798405,-0.001937513438963252
2020-12-08,0.008365980612990525,1.0064317184370872,0.00841978824474341,0.0007325058757297302,6.137157247798405,0.002783271170170473
2020-12-09,0.00793672303385186,1.006405581481045,0.007987562359937686,0.0007325058757297302,6.137157247798405,-0.00798096494847171
2020-12-10,0.008115094757178552,1.0063952548600188,0.008166992856363912,0.0007325058757297302,6.137157247798405,-0.0012859345277717227
2020-12-11,0.007704920268156768,1.0063337158146897,0.0077537210435101155,0.0007325058757297302,6.137157247798405,-0.0012657980842328352
2020-12-14,0.0073274462017490815,1.0061472333782822,0.00737248972361804,0.0007325058757297302,6.137157247798405,-0.0043687882451469585
2020-12-15,0.007175947847083982,1.0063020895772172,0.0072211713132177445,0.0007325058757297302,6.137157247798405,0.012838482022218645
2020-12-16,0.00804079108010618,1.006337565568767,0.00809175012080111,0.0007325058757297302,6.137157247798405,0.0017712256203230642
2020-12-17,0.00761204624157039,1.0063797192310469,0.007660608959365355,0.0007325058757297302,6.137157247798405,0.0057411428089832834
2020-12-18,0.007422157075207409,1.0063997043452277,0.007469656686092577,0.0007325058757297302,6.137157247798405,-0.003517296952148704
2020-12-21,0.00719149191211613,1.005561703850265,0.007231488860372897,0.0007325058757297302,6.137157247798405,-0.003913928486909485
2020-12-22,0.007015450336151839,1.0053768032607318,0.007053171032394763,0.0007325058757297302,6.137157247798405,-0.0020752446917703606
2020-12-23,0.006731927981201613,1.0059358641644531,0.0067718877912629075,0.0007325058757297302,6.137157247798405,0.0007455332718186887
2020-12-24,0.006397686643283726,1.0063118791243697,0.006438068068051727,0.0007325058757297302,6.137157247798405,0.0035303499794869524
2020-12-28,0.0061708134815928965,1.0063249578748044,0.006209843616917246,0.0007325058757297302,6.137157247798405,0.0086847075384115
2020-12-29,0.006520847429973404,1.006050164647913,0.006560299630568663,0.0007325058757297302,6.137157247798405,-0.002229864827278697
2020-12-30,0.0062917664788637905,1.0061525610263202,0.006330476956088356,0.0007325058757297302,6.137157247798405,0.0013406480950792154
2020-12-31,0.005997726366184687,1.0061123272180383,0.006034386432299064,0.0007325058757297302,6.137157247798405,0.006418204711703793
2021-01-04,0.006053104729315646,0.9989758771568568,0.006046905606490416,0.0007386033142019296,6.137597011524457,-0.014864762712025787
2021-01-05,0.007998559797263017,0.9951581212940116,0.007959831740902075,0.0007386033142019296,6.137597011524457,0.007057631383362026
2021-01-06,0.007886108650100625,0.9962816326667878,0.007856785201309929,0.0007386033142019296,6.137597011524457,0.005693603382474094
2021-01-07,0.007661437555072898,1.0025467146304476,0.007680949050184663,0.0007386033142019296,6.137597011524457,0.014738260107752971
2021-01-08,0.008788179158541494,1.0056597265793383,0.008837917849709078,0.0007386033142019296,6.137597011524457,0.00547683739351537
2021-01-11,0.008458550975968277,1.006051164427331,0.008509735058740822,0.0007386033142019296,6.137597011524457,-0.006576327616621317
2021-01-12,0.008396423970994066,1.006258981880088,0.008448977036486055,0.0007386033142019296,6.137597011524457,0.000415702030569564
2021-01-13,0.007928726646001985,1.0063637802323762,0.007979183319899727,0.0007386033142019296,6.137597011524457,0.0022730563867261076
2021-01-14,0.0075160580896813985,1.0063466966883519,0.00756376023066864,0.0007386033142019296,6.137597011524457,-0.003760513068743101
2021-01-15,0.007292865067236352,1.0061943148510712,0.007338039369629193,0.0007386033142019296,6.137597011524457,-0.007216000798278504
2021-01-19,0.007464654927938389,1.0062640394151035,0.007511413820627141,0.0007386033142019296,6.137597011524457,0.008103457635761657
2021-01-20,0.007536189791256746,1.0063717191898045,0.007584208276367706,0.0007386033142019296,6.137597011524457,0.013839417376510862
2021-01-21,0.008515064474101329,1.0063918392320081,0.008569491397269969,0.0007386033142019296,6.137597011524457,0.00031667316131354906
2021-01-22,0.008038860308241686,1.0064048318584253,0.008090347856849343,0.0007386033142019296,6.137597011524457,-0.0030151526629377105
2021-01-25,0.007713731034511789,1.0062993270508143,0.007762322349080195,0.0007386033142019296,6.137597011524457,0.0036093175130174657
2021-01-26,0.007368852143612648,1.0062819961283198,0.007415143244248984,0.0007386033142019296,6.137597011524457,-0.001489943161153501
2021-01-27,0.007025146300527846,0.992719711133956,0.006974001206133782,0.0007386033142019296,6.137597011524457,-0.02601331512610035
2021-01-28,0.01159737475985774,0.992719826099911,0.011512943854821473,0.0007386033142019296,6.137597011524457,0.009713298778760395
2021-01-29,0.011348498952086103,0.9927199583160039,0.01126588140666413,0.0007386033142019296,6.137597011524457,-0.019500377654792
2021-02-01,0.012860822690695398,0.9927253502514184,0.012767264710141977,0.0007372107140130957,6.100844045203715,0.015924300234678626
2021-02-02,0.013216312028932283,0.9928577991316093,0.01312191847368232,0.0007372107140130957,6.100844045203715,0.013802528814310624
2021-02-03,0.013236918656334919,0.9943168441728099,0.013161691184939128,0.0007372107140130957,6.100844045203715,0.0010082606153447803
2021-02-04,0.01241888605408539,1.0007248748226998,0.012427888191911974,0.0007372107140130957,6.100844045203715,0.010794847643921975
2021-02-05,0.012191739220251949,1.006031681892813,0.012265275912948641,0.0007372107140130957,6.100844045203715,0.003889919607763825
2021-02-08,0.011501695364234055,1.0064225719045587,0.01157556582973518,0.0007372107140130957,6.100844045203715,0.007372107476289037
2021-02-09,0.011059661777742149,1.006438543362318,0.011130869889670712,0.0007372107140130957,6.100844045203715,-0.0011141454217211749
2021-02-10,0.010416891950536251,1.0064381396880209,0.010483957356028825,0.0007372107140130957,6.100844045203715,-0.0003452445223915674
2021-02-11,0.009807532833547482,1.0064432530253569,0.009870725249148523,0.0007372107140130957,6.100844045203715,0.0016610748145877074
2021-02-12,0.009241147644066512,1.0064450983058084,0.00930070774909101,0.0007372107140130957,6.100844045203715,0.004699970926162608
2021-02-16,0.00882364521736023,1.0064268747805916,0.00888035368028057,0.0007372107140130957,6.100844045203715,-0.0005694345154154666
2021-02-17,0.008337747031869874,1.0064295838753807,0.008391355275742989,0.0007372107140130957,6.100844045203715,-0.0003204533489169501
2021-02-18,0.007884860339611376,1.006420904820586,0.007935488277375636,0.0007372107140130957,6.100844045203715,-0.004425614227243303
2021-02-19,0.007679524126320092,1.0064209906412867,0.007728834278864728,0.0007372107140130957,6.100844045203715,-0.0018566190956649255
2021-02-22,0.0073267391352400645,1.0063684910079058,0.007373399407540113,0.0007372107140130957,6.100844045203715,-0.007762892893710863
2021-02-23,0.007570052424201603,1.0063572503384832,0.007618177142537695,0.0007372107140130957,6.100844045203715,0.0012555296115265332
2021-02-24,0.007170256567545732,1.006418449745799,0.007216278498989009,0.0007372107140130957,6.100844045203715,0.011287667670985945
2021-02-25,0.0077614651905151865,0.99653455744366,0.007734568278744424,0.0007372107140130957,6.100844045203715,-0.02478339442417185
2021-02-26,0.011656023207977062,0.9932585096446344,0.011577444239938567,0.0007372107140130957,6.100844045203715,-0.004761532293798778
2021-03-01,0.011118535356815413,0.9949768168625486,0.0110626849174979,0.0007387516034730074,6.062853788905153,0.02351217322569352
2021-03-02,0.013203784920579291,1.0010961559746558,0.013218258328308054,0.0007387516034730074,6.062853788905153,-0.00811367873950876
2021-03-03,0.012779861078674858,1.0043867221316938,0.012835922778108654,0.0007387516034730074,6.062853788905153,-0.01315233589480116
2021-03-04,0.012965310732915786,1.0046553948758008,0.013025669374064967,0.0007387516034730074,6.062853788905153,-0.013508038064390469
2021-03-05,0.01317271619844284,1.0062712090624062,0.01325532505564302,0.0007387516034730074,6.062853788905153,0.019308356338709188
2021-03-08,0.014001954858783918,1.006402648980704,0.014091604460788375,0.0007387516034730074,6.062853788905153,-0.005373643224025429
2021-03-09,0.013308684230657019,1.0064250842151088,0.01339419364763128,0.0007387516034730074,6.062853788905153,0.014055400743930569
2021-03-10,0.01334813376353755,1.0064399488124605,0.013434095061716608,0.0007387516034730074,6.062853788905153,0.006012203770988197
2021-03-11,0.012661866217799389,1.0064388191838087,0.012743393684905376,0.0007387516034730074,6.062853788905153,0.010341825500657608
2021-03-12,0.012362682879444704,1.0064460358602352,0.01244237317661432,0.0007387516034730074,6.062853788905153,0.0010148833275308508
2021-03-15,0.011607740604582743,1.0064477318350626,0.011682584203212061,0.0007387516034730074,6.062853788905153,0.006470939539413048
2021-03-16,0.011093601167249487,1.0064504729447146,0.011165160141438283,0.0007387516034730074,6.062853788905153,-0.0015709169785959108
2021-03-17,0.01046096293389211,1.0064515999660557,0.010528452882001318,0.0007387516034730074,6.062853788905153,0.0028752446501592592
2021-03-18,0.00987115049094743,1.0064491683471244,0.00993481120224335,0.0007387516034730074,6.062853788905153,-0.014870560065947797
2021-03-19,0.0108160404189349,1.0064499568038046,0.010885803412425234,0.0007387516034730074,6.062853788905153,-0.0006028856737550234
2021-03-22,0.010182492959360634,1.0064516943682698,0.010248187291841487,0.0007387516034730074,6.062853788905153,0.007000556898342752
2021-03-23,0.009837344232860526,1.006451291474708,0.009900807807843746,0.0007387516034730074,6.062853788905153,-0.007660118119334028
2021-03-24,0.009730263194290559,1.0064498249361746,0.009793021688476636,0.0007387516034730074,6.062853788905153,-0.00548233660034883
2021-03-25,0.009426238225887795,1.006450091013981,0.009487038320364238,0.0007387516034730074,6.062853788905153,0.005226583432729291
2021-03-26,0.009024616592272789,1.0064461386044528,0.009082790521678624,0.0007387516034730074,6.062853788905153,0.016494418658716575
2021-03-29,0.010178848457536884,1.0064459275797777,0.010244460577539699,0.0007387516034730074,6.062853788905153,-0.0008683896263867381
2021-03-30,0.009597468822342567,1.00645019852007,0.00965937440153686,0.0007387516034730074,6.062853788905153,-0.0031628294096500294
2021-03-31,0.009147021544426754,1.0064457733061223,0.009205981171728345,0.0007387516034730074,6.062853788905153,0.003615953592419885
2021-04-01,0.008675300844010641,1.0064358144359773,0.008731133470418971,0.0007417692434432338,6.084291986274185,0.011755830427674127
2021-04-05,0.009071694553380008,1.0064373119823788,0.009130091881428963,0.0007417692434432338,6.084291986274185,0.0143349877622439
2021-04-06,0.009819128890627426,1.0064331816815084,0.00988229713073498,0.0007417692434432338,6.084291986274185,-0.0009740049407969285
2021-04-07,0.009265207601032235,1.006443642814974,0.009324909289419868,0.0007417692434432338,6.084291986274185,0.0014741456981068137
2021-04-08,0.008736400735050076,1.006447063971334,0.008792724869468154,0.0007417692434432338,6.084291986274185,0.004211750940591775
2021-04-09,0.008335047054308965,1.0064524384208526,0.008388828432161804,0.0007417692434432338,6.084291986274185,0.007690288135687276
2021-04-12,0.008249844565838209,1.0064529114664347,0.00830308008243341,0.0007417692434432338,6.084291986274185,-0.0001960980747395339
2021-04-13,0.007801471394250374,1.0064620589444666,0.00785188496225359,0.0007417692434432338,6.084291986274185,0.0032890718770625686
2021-04-14,0.007436005718087818,1.0064601719837953,0.007484043593899151,0.0007417692434432338,6.084291986274185,-0.004096104320730151
2021-04-15,0.007250365749216827,1.0064533057616158,0.007297154576280071,0.0007417692434432338,6.084291986274185,0.011033101401119478
2021-04-16,0.007782883392768601,1.0064315566903954,0.007832939448523929,0.0007417692434432338,6.084291986274185,0.0036023233905179666
2021-04-19,0.00743335699339262,1.0064340069955096,0.007481183264288228,0.0007417692434432338,6.084291986274185,-0.005320689893757947
2021-04-20,0.007362961251447332,1.0064341176132618,0.007410335410121034,0.0007417692434432338,6.084291986274185,-0.006825561005077803
2021-04-21,0.00747570465613706,1.0064265805471158,0.007523747874256173,0.0007417692434432338,6.084291986274185,0.009263020919853236
2021-04-22,0.0076990895235759796,1.0064206575756927,0.007748522741051464,0.0007417692434432338,6.084291986274185,-0.009253337860554323
2021-04-23,0.008103427072146792,1.0064274433082765,0.008155511390255768,0.0007417692434432338,6.084291986274185,0.01086940989553096
2021-04-26,0.008460011926649573,1.0064413332840858,0.008514505683056464,0.0007417692434432338,6.084291986274185,0.001780684564582624
2021-04-27,0.007996866866825957,1.0064429726231647,0.00804839046112001,0.0007417692434432338,6.084291986274185,-0.0002149189814442344
2021-04-28,0.0075686279879147896,1.0064411625064105,0.007617378750735516,0.0007417692434432338,6.084291986274185,-0.0008458975873960478
2021-04-29,0.007188510448020523,1.0064347377564231,0.007234766627612843,0.0007417692434432338,6.084291986274185,0.0067400415367024095
2021-04-30,0.0071410429096565135,1.0064373380566631,0.00718701221694311,0.0007417692434432338,6.084291986274185,-0.0072207134171198275
2021-05-03,0.007333766182191458,1.0064436671862784,0.007381022530691484,0.000747779572033111,6.1202999214408385,0.002744321649512167
2021-05-04,0.0069867083071154645,1.0064400871564267,0.007031703317549819,0.000747779572033111,6.1202999214408385,-0.0067007374898472305
2021-05-05,0.007137141740914071,1.0064383817101241,0.007183093383761336,0.000747779572033111,6.1202999214408385,0.0007032164471135163
2021-05-06,0.006770022963823618,1.0064439836366232,0.006813648881022061,0.000747779572033111,6.1202999214408385,0.008132299498632055
2021-05-07,0.006944088420856649,1.0064854273279416,0.006989123801668915,0.000747779572033111,6.1202999214408385,0.007346291419186351
2021-05-10,0.006994532167002629,1.006435809156937,0.0070395476411715145,0.000747779572033111,6.1202999214408385,-0.010490480503138024
2021-05-11,0.0077405744192156145,1.006406443552177,0.007790163972293744,0.000747779572033111,6.1202999214408385,-0.008711750141781542
2021-05-12,0.00805511884872445,1.0047523728679286,0.008093399776989068,0.000747779572033111,6.1202999214408385,-0.021682782358302413
2021-05-13,0.011004496843266652,1.0061964399072698,0.011072685546665694,0.000747779572033111,6.1202999214408385,0.012099644578094055
2021-05-14,0.011098481334885238,1.0064479025978492,0.011170043261516625,0.000747779572033111,6.1202999214408385,0.014807778563623631
2021-05-17,0.011559381371787247,1.0064521366505326,0.011633964079993639,0.000747779572033111,6.1202999214408385,-0.002533258183961915
2021-05-18,0.010921612333932544,1.0064499065629708,0.010992055713003398,0.000747779572033111,6.1202999214408385,-0.0085537723840327
2021-05-19,0.010783335887639989,1.0064488047305566,0.010852875515123383,0.000747779572033111,6.1202999214408385,-0.002947751811378411
2021-05-20,0.0102237232408394,1.0064507713442683,0.010289674141753136,0.000747779572033111,6.1202999214408385,0.01049942933450842
2021-05-21,0.010221916295333169,1.0064524934033858,0.010287873142798769,0.000747779572033111,6.1202999214408385,-0.0007841880752528091
2021-05-24,0.009634444957152117,1.0064578590808164,0.009696662845007288,0.000747779572033111,6.1202999214408385,0.009862497481216075
2021-05-25,0.00963203614464549,1.0064584487005461,0.009694244155967488,0.000747779572033111,6.1202999214408385,-0.002127545400828599
2021-05-26,0.009129763426486654,1.0064877800560372,0.009188995323561351,0.000747779572033111,6.1202999214408385,0.0018750575506104544
2021-05-27,0.008617283448060491,1.006647201855169,0.008674564270582956,0.000747779572033111,6.1202999214408385,0.001164636089862995
2021-05-28,0.008135663837799307,1.007127794321086,0.008193653176300636,0.000747779572033111,6.1202999214408385,0.000768586452887337
2021-06-01,0.007683646983472095,1.0070034667297763,0.0077374591494841875,0.0007476806571288233,6.132846395741452,-0.0004924547586291649
2021-06-02,0.007284960991545689,1.0070289785983482,0.007336166826445065,0.0007476806571288233,6.132846395741452,0.0014458890369002922
2021-06-03,0.006909280009795179,1.0066702378955377,0.006955366551147395,0.0007476806571288233,6.132846395741452,-0.003635303056049319
2021-06-04,0.00674159071750172,1.007510676159552,0.006792224622181118,0.0007476806571288233,6.132846395741452,0.008795303383016323
2021-06-07,0.007013585225815354,1.0101667463754882,0.007084890567989091,0.0007476806571288233,6.132846395741452,-0.0007970562694215079
2021-06-08,0.006678024468056203,1.0110636116595493,0.006751907537423745,0.0007476806571288233,6.132846395741452,0.00017500954944121158
2021-06-09,0.0063508558734674545,1.0076420327142683,0.006399389321816096,0.0007476806571288233,6.132846395741452,-0.0018255325906156837
2021-06-10,0.00611648796840804,1.0070723965136057,0.00615974619659132,0.0007476806571288233,6.132846395741452,0.004641454776462911
2021-06-11,0.005995050258127231,1.007763700397498,0.0060415940321992745,0.0007476806571288233,6.132846395741452,0.0019465389328083601
2021-06-14,0.005738542459447476,1.0080218479304175,0.005784576174399408,0.0007476806571288233,6.132846395741452,0.0018135563851361702
2021-06-15,0.005501843763130699,1.0068575505063042,0.0055395729346141625,0.0007476806571288233,6.132846395741452,-0.00201371995427588
2021-06-16,0.005363674086517993,1.0064174085323907,0.005398094974365776,0.0007476806571288233,6.132846395741452,-0.005404703747026491
2021-06-17,0.005591677708879834,1.0064118789146383,0.005627530869278854,0.0007476806571288233,6.132846395741452,-0.00043581054367264766
2021-06-18,0.005371554909494277,1.0063563325537048,0.0054056982988295085,0.0007476806571288233,6.132846395741452,-0.013211355687284158
2021-06-21,0.007149130066531279,1.0064056745319208,0.007194925066923847,0.0007476806571288233,6.132846395741452,0.013905163512319857
2021-06-22,0.00823208144890678,1.0065588806288033,0.008286074688456746,0.0007476806571288233,6.132846395741452,0.005111406378990611
2021-06-23,0.00792974432800091,1.0071061264161472,0.00798609409364341,0.0007476806571288233,6.132846395741452,-0.0010838705186495853
2021-06-24,0.0075264621122870514,1.0095679397385693,0.007598474848222039,0.0007476806571288233,6.132846395741452,0.005794429545916893
2021-06-25,0.007348522481282715,1.0141873159245691,0.007452778291303471,0.0007476806571288233,6.132846395741452,0.003325063164687565
2021-06-28,0.007023085181065108,1.0155994268412627,0.007132641284547089,0.0007476806571288233,6.132846395741452,0.0023122888604717494
2021-06-29,0.006687300520047918,1.0157823781339252,0.006792842025550509,0.0007476806571288233,6.132846395741452,0.0002772977426878152
2021-06-30,0.0063582991537622004,1.015839403736717,0.0064590108211374665,0.0007476806571288233,6.132846395741452,0.0013272784229071918
2021-07-01,0.006052320186187466,1.0158280858382176,0.006148116829614819,0.000750863517542434,6.094673087230267,0.005208041432254744
2021-07-02,0.005987299944614218,1.0158698418827221,0.006082317448039677,0.000750863517542434,6.094673087230267,0.007472095894691671
2021-07-06,0.006194178716713187,1.0153183731660094,0.0062890634577527525,0.000750863517542434,6.094673087230267,-0.0020239027700217787
2021-07-07,0.005985087112704404,1.0150296536144645,0.0060750408988607466,0.000750863517542434,6.094673087230267,0.0033533465536629346
2021-07-08,0.005786761296144496,1.006489596774589,0.005824315043587272,0.000750863517542434,6.094673087230267,-0.008597881009556396
2021-07-09,0.006453955458868942,1.0065440566247457,0.006496190508845367,0.000750863517542434,6.094673087230267,0.011214825902413766
2021-07-12,0.007180546286636577,1.0066277859699566,0.007228137410571771,0.000750863517542434,6.094673087230267,0.0034452326955940497
2021-07-13,0.0068740858967378015,1.0065709697491012,0.006919255307217989,0.000750863517542434,6.094673087230267,-0.0035230111811655838
2021-07-14,0.00670036757604319,1.0066783162742916,0.006745114749870015,0.000750863517542434,6.094673087230267,0.0011642565654693257
2021-07-15,0.006368074902034298,1.0065274916267595,0.006409642457635904,0.000750863517542434,6.094673087230267,-0.0032675735627459117
2021-07-16,0.006228344405365956,1.0064348822590623,0.006268423068283376,0.000750863517542434,6.094673087230267,-0.007567415006813217
2021-07-19,0.006631017304081116,1.006278942306653,0.006672653079167859,0.000750863517542434,6.094673087230267,-0.015996781399983978
2021-07-20,0.008672323405508157,1.006413787452724,0.00872794584455237,0.000750863517542434,6.094673087230267,0.0150488060047999
2021-07-21,0.009632727817870645,1.006456661780088,0.009694923083410282,0.000750863517542434,6.094673087230267,0.008208041662144044
2021-07-22,0.009448305108138003,1.0064559075979673,0.009509302492873545,0.000750863517542434,6.094673087230267,0.0020146392092429753
2021-07-23,0.008909168017685223,1.0064577701016533,0.008966701376540437,0.000750863517542434,6.094673087230267,0.010094332386254415
2021-07-26,0.009033125677355943,1.0064577387806433,0.00909145924335303,0.000750863517542434,6.094673087230267,0.0023793669227295928
2021-07-27,0.00853377333325789,1.0064494433079636,0.008588811420573748,0.000750863517542434,6.094673087230267,-0.004723583382178003
2021-07-28,0.00828509555487522,1.0064537560943743,0.00833856554080497,0.000750863517542434,6.094673087230267,-0.000186279231552706
2021-07-29,0.007830745719083997,1.0064598107544214,0.007881330854495276,0.000750863517542434,6.094673087230267,0.004197331845272641
2021-07-30,0.007505747762164224,1.0064572713753948,0.0075542144123397804,0.000750863517542434,6.094673087230267,-0.005420713608261166
2021-08-02,0.0074387302893681095,1.0064446245784784,0.007486670113423643,0.0007526032247578576,6.118110999746268,-0.001844505670060361
2021-08-03,0.00710509977951674,1.0064544903977901,0.007150959577818972,0.0007526032247578576,6.118110999746268,0.008169961338918062
2021-08-04,0.00723603636972734,1.0064583367665358,0.007282769129457941,0.0007526032247578576,6.118110999746268,-0.004643150661295458
2021-08-05,0.007121837508775083,1.0064712968655145,0.007167925033522322,0.0007526032247578576,6.118110999746268,0.005987485990419113
2021-08-06,0.007005489743274153,1.0067745027159678,0.007052948452566649,0.0007526032247578576,6.118110999746268,0.0016738645485288822
2021-08-09,0.006654995481072632,1.0073088407877893,0.0067036357834872485,0.0007526032247578576,6.118110999746268,-0.0009403502649549345
2021-08-10,0.006354177798354297,1.007646272623223,0.006402763574096944,0.0007526032247578576,6.118110999746268,0.0009921869538634502
2021-08-11,0.006050908066011496,1.0094701086906188,0.006108210823073567,0.0007526032247578576,6.118110999746268,0.0012749307180154837
2021-08-12,0.005776280151403822,1.0127374134664535,0.005849855019990321,0.0007526032247578576,6.118110999746268,0.00413780773547866
2021-08-13,0.005652588326052271,1.0140639373434783,0.005732085974098348,0.0007526032247578576,6.118110999746268,0.0016060163209228441
2021-08-16,0.00541889678821542,1.0086898705442768,0.00546598629979781,0.0007526032247578576,6.118110999746268,0.0026174222619943593
2021-08-17,0.005240175696808108,1.006429711211313,0.0052738685132351255,0.0007526032247578576,6.118110999746268,-0.007085743507137991
2021-08-18,0.0057556981098307695,1.0062260081539731,0.005791533133194383,0.0007526032247578576,6.118110999746268,-0.01080665284525433
2021-08-19,0.006869297352827636,1.0062490287530566,0.006912223789498751,0.0007526032247578576,6.118110999746268,0.001255903256156918
2021-08-20,0.0065244584969000805,1.0064344775612029,0.006566439978697383,0.0007526032247578576,6.118110999746268,0.00810860389074176
2021-08-23,0.006734666499300932,1.0064708850167114,0.006778245751843806,0.0007526032247578576,6.118110999746268,0.008487667984412181
2021-08-24,0.006964582735497571,1.0064807342149107,0.007009718345124086,0.0007526032247578576,6.118110999746268,0.0014946188019620721
2021-08-25,0.006614661466571268,1.0065396654923213,0.006657919139907592,0.0007526032247578576,6.118110999746268,0.00221765740325088
2021-08-26,0.0063102004092864105,1.0064393856797955,0.006350834223438609,0.0007526032247578576,6.118110999746268,-0.0058419498276026565
2021-08-27,0.006451262516097127,1.0064868170367507,0.006493110675695097,0.0007526032247578576,6.118110999746268,0.008769071540452218
2021-08-30,0.00676847995596071,1.0065410640433696,0.006812753016828913,0.0007526032247578576,6.118110999746268,0.0042973241068746
2021-08-31,0.006551938010103936,1.0066862957384601,0.006595746205299549,0.0007526032247578576,6.118110999746268,-0.0013500269158932096
2021-09-01,0.006270767989861454,1.006992909636896,0.006314618903768495,0.0007578317777724341,6.123821638742076,0.00031164006095334113
2021-09-02,0.0059756787790294,1.0071153781870166,0.006018197993466323,0.0007578317777724341,6.123821638742076,0.002838605754404257
2021-09-03,0.005751949915842849,1.007120976396766,0.005792909415428945,0.0007578317777724341,6.123821638742076,-0.0003350872611813474
2021-09-07,0.005514044252512036,1.006435851415106,0.005549531822017522,0.0007578317777724341,6.123821638742076,-0.0034013524523203464
2021-09-08,0.005486962122919868,1.0064175527425587,0.005522174991740128,0.0007578317777724341,6.123821638742076,-0.001319436813816666
2021-09-09,0.005310983624596567,1.0064046696800313,0.005344998720388163,0.0007578317777724341,6.123821638742076,-0.004616247150002522
2021-09-10,0.005445820781647098,1.0063057955643866,0.005480161014176453,0.0007578317777724341,6.123821638742076,-0.0077525522862761
2021-09-13,0.006035128925424041,1.0063715008290615,0.006073581754375873,0.0007578317777724341,6.123821638742076,0.002273900346369644
2021-09-14,0.005783581271765831,1.0064075480697678,0.005820639846780079,0.0007578317777724341,6.123821638742076,-0.005763213966258604
2021-09-15,0.005995452137219046,1.0064221732114382,0.0060339559693251546,0.0007578317777724341,6.123821638742076,0.008438294222079725
2021-09-16,0.006340249716655919,1.0064237190336427,0.006380977699438849,0.0007578317777724341,6.123821638742076,-0.0015523447127638308
2021-09-17,0.006092684776123274,1.006403224332487,0.00613169760353192,0.0007578317777724341,6.123821638742076,-0.0091526302757993
2021-09-20,0.006795544790813519,1.0048647606818337,0.006828603489923509,0.0007578317777724341,6.123821638742076,-0.017123077726381844
2021-09-21,0.009058632848058405,1.0051014848769624,0.00910484532653873,0.0007578317777724341,6.123821638742076,-0.0008126886585469564
2021-09-22,0.008555543867439855,1.0064009338739914,0.00861030733799137,0.0007578317777724341,6.123821638742076,0.009474585224220084
2021-09-23,0.008647199322085944,1.006461976244749,0.008703077318688874,0.0007578317777724341,6.123821638742076,0.012061680369935969
2021-09-24,0.009093533418815409,1.0065085502042874,0.009152719137606135,0.0007578317777724341,6.123821638742076,0.0014599428113642636
2021-09-27,0.008573178914642042,1.0064771628388365,0.008628708790518658,0.0007578317777724341,6.123821638742076,-0.002780243920187674
2021-09-28,0.008186366936365447,1.0064178184104335,0.008238905552804219,0.0007578317777724341,6.123821638742076,-0.020574317739894057
2021-09-29,0.010830548200949022,1.0064183260286572,0.0109000621903718,0.0007578317777724341,6.123821638742076,0.0015679543362838073
2021-09-30,0.010180704645032426,1.006439710063915,0.010246265431192787,0.0007578317777724341,6.123821638742076,-0.011981202945014901
2021-10-01,0.010603381839767388,1.0064474091107793,0.010671746180446176,0.0007470220335598905,6.133867327586794,0.011425952113334161
2021-10-04,0.01066580188031366,1.0064394378814707,0.010734483648978013,0.0007470220335598905,6.133867327586794,-0.013070952048643704
2021-10-05,0.01116607945294515,1.0064482563427197,0.011238081195600916,0.0007470220335598905,6.133867327586794,0.010469517498601526
2021-10-06,0.011042460878733269,1.006450020313125,0.011113684975707987,0.0007470220335598905,6.133867327586794,0.004094399349624824
2021-10-07,0.010438612619994143,1.006452325456812,0.010505965945935931,0.0007470220335598905,6.133867327586794,0.008264039225065405
2021-10-08,0.01017033870453159,1.0064560274782597,0.010235998690671254,0.0007470220335598905,6.133867327586794,-0.0019155566024214522
2021-10-11,0.009609888705446665,1.0064523078504763,0.009671894665783023,0.0007470220335598905,6.133867327586794,-0.006889441644339833
2021-10-12,0.009445306436296317,1.0064525576990975,0.009506252821062176,0.0007470220335598905,6.133867327586794,-0.0024197056865549256
2021-10-13,0.008963960834073125,1.0064607070108615,0.009021874358678909,0.0007470220335598905,6.133867327586794,0.0030179558702319183
2021-10-14,0.008486823258621767,1.006593580311051,0.008542781809363187,0.0007470220335598905,6.133867327586794,0.016919162285711567
2021-10-15,0.00986652603953432,1.0072691629329977,0.00993824742489836,0.0007470220335598905,6.133867327586794,0.007432520637190081
2021-10-18,0.009582880683102077,1.0067945085951513,0.009647991648269722,0.0007470220335598905,6.133867327586794,0.0033690878018038262
2021-10-19,0.00906802841067337,1.0066355553937267,0.009128199815504282,0.0007470220335598905,6.133867327586794,0.007366142784235753
2021-10-20,0.008863879151557227,1.0068428805400318,0.00892453361771261,0.0007470220335598905,6.133867327586794,0.003657333598560689
2021-10-21,0.008419914958854103,1.0084326436290034,0.008490917101088635,0.0007470220335598905,6.133867327586794,0.002991393168360022
2021-10-22,0.007986516292227817,1.0126679181294334,0.008087688826757145,0.0007470220335598905,6.133867327586794,-0.0010731292246643565
2021-10-25,0.007574992479241859,1.0152605029329786,0.0076905906741886205,0.0007470220335598905,6.133867327586794,0.004736959440853509
2021-10-26,0.00730831444270329,1.0140285299573335,0.007410839350800366,0.0007470220335598905,6.133867327586794,0.0018181414322441137
2021-10-27,0.006934172114084939,1.0099194404273424,0.0070029552212835435,0.0007470220335598905,6.133867327586794,-0.0050643703711055294
2021-10-28,0.00689866711502329,1.0065353982563752,0.006943752652058126,0.0007470220335598905,6.133867327586794,0.009781288424184026
2021-10-29,0.00729668524397942,1.006453083705417,0.007343771364630901,0.0007470220335598905,6.133867327586794,0.0019474372317175562
2021-11-01,0.006916739218382008,1.0064262494730936,0.0069611879101396604,0.0007574235852408706,6.138597875200821,0.0017984589459023885
2021-11-02,0.006574441273682913,1.0064318983681595,0.006616727411782674,0.0007574235852408706,6.138597875200821,0.003673607120388547
2021-11-03,0.006336379954600682,1.0064333469769438,0.006377144085426379,0.0007574235852408706,6.138597875200821,0.00644049461289024
2021-11-04,0.006363824754258865,1.0064333084924808,0.006404765202095098,0.0007574235852408706,6.138597875200821,0.004173222342817036
2021-11-05,0.006179138268976536,1.0064162605226865,0.006218785229915992,0.0007574235852408706,6.138597875200821,0.003725850045284445
2021-11-08,0.005983696093380688,1.0063854660016112,0.006021904781348944,0.0007574235852408706,6.138597875200821,0.0008873940607025194
2021-11-09,0.005711451738300246,1.0063600986907413,0.005747777135023241,0.0007574235852408706,6.138597875200821,-0.0035049109264001276
2021-11-10,0.00567069166749808,1.0063410392562657,0.0057066497459718635,0.0007574235852408706,6.138597875200821,-0.008259842163861058
2021-11-11,0.006306464473818415,1.006401972017637,0.006346838282910022,0.0007574235852408706,6.138597875200821,0.0005507883329889288
2021-11-12,0.006006127392281094,1.0064402911417074,0.006044808601321568,0.0007574235852408706,6.138597875200821,0.007196697564130407
2021-11-15,0.006173952339455991,1.0064375450092269,0.00621369743552606,0.0007574235852408706,6.138597875200821,-1.0739878017001878e-05
2021-11-16,0.005891088022622378,1.006449714147179,0.005929083856384163,0.0007574235852408706,6.138597875200821,0.0038577790571266367
2021-11-17,0.005734354648831699,1.0064343120256274,0.005771251275907889,0.0007574235852408706,6.138597875200821,-0.0026050154828958787
2021-11-18,0.0056136803346579925,1.006423626676592,0.005649740521409562,0.0007574235852408706,6.138597875200821,0.0033790647401719144
2021-11-19,0.005455239753522243,1.0064161928940976,0.00549024162406439,0.0007574235852408706,6.138597875200821,-0.001399644604988097
2021-11-22,0.005287026468833976,1.0063915384949071,0.0053208187020331215,0.0007574235852408706,6.138597875200821,-0.003202258316960725
2021-11-23,0.005270808254863954,1.0063701878530547,0.005304384293584869,0.0007574235852408706,6.138597875200821,0.001655761383195201
2021-11-24,0.005073855650165745,1.0063829753269617,0.005106241945593319,0.0007574235852408706,6.138597875200821,0.0022912237766672798
2021-11-26,0.004916149990866808,0.9935807401669585,0.004884591946697229,0.0007574235852408706,6.138597875200821,-0.022987011159321162
2021-11-29,0.009700144336233708,0.9932122051458208,0.009634301746423424,0.0007574235852408706,6.138597875200821,0.013113836082824229
2021-11-30,0.010133809401056437,0.9934530555054265,0.010067463913389134,0.0007574235852408706,6.138597875200821,-0.019143381187850562
2021-12-01,0.01193046571922949,0.9927541886703755,0.0118440198155534,0.0007610089635585574,6.057016331680296,-0.011885541457955926
2021-12-02,0.012069152027228629,0.992905998702172,0.011983533447083786,0.0007610089635585574,6.057016331680296,0.014094638396057768
2021-12-03,0.012282000287965424,0.9927745609620335,0.012193257443620443,0.0007610089635585574,6.057016331680296,-0.00848445514173865
2021-12-06,0.011978931193848264,0.9931724150647542,0.0118971440236888,0.0007610089635585574,6.057016331680296,0.011662599309686139
2021-12-07,0.011890916816578776,1.0004305655028454,0.0118960366351572,0.0007610089635585574,6.057016331680296,0.020495603186252546
2021-12-08,0.013203084698745995,1.0061857024306322,0.013284755051858872,0.0007610089635585574,6.057016331680296,0.003080535586585806
2021-12-09,0.012393361077064367,1.0064305850427764,0.012473057639436265,0.0007610089635585574,6.057016331680296,-0.007206988232523656
2021-12-10,0.011960658675328126,1.006445396199223,0.012037749859294289,0.0007610089635585574,6.057016331680296,0.009503769118209724
2021-12-13,0.011643357580691495,1.0064503006146048,0.011718460737250294,0.0007610089635585574,6.057016331680296,-0.009178158342793815
2021-12-14,0.011486230451501806,1.0064493928657425,0.011560309664229997,0.0007610089635585574,6.057016331680296,-0.0074987228546236715
2021-12-15,0.01117372196738006,1.0064514742162436,0.011245808946552088,0.0007610089635585574,6.057016331680296,0.016216267351890877
2021-12-16,0.011858161893733073,1.0064515605276376,0.011934665542937017,0.0007610089635585574,6.057016331680296,-0.008781863311112446
2021-12-17,0.011632985622282363,1.0064500249891444,0.011708018670244442,0.0007610089635585574,6.057016331680296,-0.01034096458405368
2021-12-20,0.011613177112688985,1.0064470225473579,0.011688047527380951,0.0007610089635585574,6.057016331680296,-0.01145339832325659
2021-12-21,0.01173869497585319,1.0064506442779089,0.011814417121429296,0.0007610089635585574,6.057016331680296,0.017621755385195486
2021-12-22,0.012557526501243366,1.0064505246849211,0.012638529135921187,0.0007610089635585574,6.057016331680296,0.010128728029127596
2021-12-23,0.012236460016879216,1.0064443774116738,0.012315316383410843,0.0007610089635585574,6.057016331680296,0.006204412685251626
2021-12-27,0.011634128938553439,1.0064331749958195,0.01170897332593908,0.0007610089635585574,6.057016331680296,0.013744051573605864
2021-12-28,0.011862006942489664,1.0064448471254628,0.011938455763835188,0.0007610089635585574,6.057016331680296,-0.0010106653988873737
2021-12-29,0.011140635087436734,1.0064304016809946,0.011212273846030336,0.0007610089635585574,6.057016331680296,0.0014009134018576786
2021-12-30,0.010457145918750197,1.00643132512272,0.010524399224009403,0.0007610089635585574,6.057016331680296,-0.002994233841904309
2021-12-31,0.009914116306374931,1.0064465562838454,0.009978028215148567,0.0007610089635585574,6.057016331680296,-0.0026296343734744394
2022-01-03,0.00938347583242031,1.0064414699097803,0.009443919209643997,0.0007631514660111484,6.111241159443135,0.006353824170388397
2022-01-04,0.00905299393207502,1.0064513551794478,0.009111398011368222,0.0007631514660111484,6.111241159443135,-0.0006298202522032699
2022-01-05,0.008537604014620032,1.006451879520894,0.008592687607119462,0.0007631514660111484,6.111241159443135,-0.019583264304501073
2022-01-06,0.010868823420915375,1.0064510705106597,0.01093893896717161,0.0007631514660111484,6.111241159443135,-0.0009642337401809882
2022-01-07,0.010218510926201255,1.006453576010572,0.010284456863178354,0.0007631514660111484,6.111241159443135,-0.004058441082336512
2022-01-10,0.009753420005861917,1.0064544905761792,0.00981637336337527,0.0007631514660111484,6.111241159443135,-0.0014420705375388979
2022-01-11,0.009203186819575306,1.0064587133498646,0.009262627565148195,0.0007631514660111484,6.111241159443135,0.009118286452399373
2022-01-12,0.00916612351639072,1.0064685386395031,0.009225414940530951,0.0007631514660111484,6.111241159443135,0.0028137920146670695
2022-01-13,0.008658594464744002,1.0064508616575438,0.008714449859784841,0.0007631514660111484,6.111241159443135,-0.014346029234400533
2022-01-14,0.009798110987560367,1.0064543783074942,0.009861351702572897,0.0007631514660111484,6.111241159443135,0.0008196442695905652
2022-01-18,0.00921034909768001,1.0064425735912963,0.009269687449543342,0.0007631514660111484,6.111241159443135,-0.0185591053980085
2022-01-19,0.011102088353050876,1.0064224615139026,0.011173391088222292,0.0007631514660111484,6.111241159443135,-0.009736790941460195
2022-01-20,0.011076603698384011,1.0064143981384333,0.01114765344452709,0.0007631514660111484,6.111241159443135,-0.011098742304330734
2022-01-21,0.011230590049432942,1.005976260959391,0.011297706986296294,0.0007631514660111484,6.111241159443135,-0.019095995324635427
2022-01-24,0.012720243944959892,1.0044432265213017,0.012776762870213565,0.0007631514660111484,6.111241159443135,0.0027679047582695165
2022-01-25,0.01193530926278285,0.9991309819545988,0.011924937263656047,0.0007631514660111484,6.111241159443135,-0.012246590556866267
2022-01-26,0.012122468684630416,0.9933490608481009,0.012041842883038136,0.0007631514660111484,6.111241159443135,-0.0014977569258856588
2022-01-27,0.011388815508610903,0.9928605026591686,0.011307505090571957,0.0007631514660111484,6.111241159443135,-0.005398635199970923
2022-01-28,0.010907381930052537,0.9931204588040711,0.01083234414672501,0.0007631514660111484,6.111241159443135,0.024055967914736694
2022-01-31,0.013217153863722512,0.9965111412480906,0.01317104108078973,0.0007631514660111484,6.111241159443135,0.018709826222984446
2022-02-01,0.01395568826683661,1.0049389294823152,0.01402461442706369,0.0007567661573528895,6.122772682157561,0.006839560348317067
2022-02-02,0.01324332570361976,1.006350099789725,0.013327422143385576,0.0007567661573528895,6.122772682157561,0.009378400448324454
2022-02-03,0.012781439326584368,1.0064298571680337,0.012863622155856194,0.0007567661573528895,6.122772682157561,-0.024693471720120656
2022-02-04,0.015057032984256204,1.0064426515485752,0.01515404020112917,0.0007567661573528895,6.122772682157561,0.005143678439863626
2022-02-07,0.014172050151887208,1.0064232213069735,0.014263080366386306,0.0007567661573528895,6.122772682157561,-0.003708580927828488
2022-02-08,0.013359441616823675,1.0064368768968592,0.013445434697921947,0.0007567661573528895,6.122772682157561,0.00836611346663433
2022-02-09,0.012803637251302714,1.0064431714086342,0.012886133280766831,0.0007567661573528895,6.122772682157561,0.014412842079264784
2022-02-10,0.012955827299195295,1.0064393692683322,0.013039254655351553,0.0007567661573528895,6.122772682157561,-0.01828182448505601
2022-02-11,0.013924941236501797,1.0063715420295505,0.014013664584849189,0.0007567661573528895,6.122772682157561,-0.019151682638086528
2022-02-14,0.014862185002315205,1.0062793396848786,0.01495550971040425,0.0007567661573528895,6.122772682157561,-0.0038479907556283146
2022-02-15,0.014001317382876024,1.0063701515511496,0.01409050789652069,0.0007567661573528895,6.122772682157561,0.015643717646064172
2022-02-16,0.014151033499737677,1.0064210478731972,0.01424189796329471,0.0007567661573528895,6.122772682157561,0.0008808197202838003
2022-02-17,0.01324363377521756,1.0062632499463429,0.013326581963749575,0.0007567661573528895,6.122772682157561,-0.021400504136936647
2022-02-18,0.014730408969459872,1.006208009595389,0.014821855489686281,0.0007567661573528895,6.122772682157561,-0.007191961663866342
2022-02-22,0.01407312310177065,1.0059514170624007,0.014156878126719794,0.0007567661573528895,6.122772682157561,-0.010194735435016016
2022-02-23,0.01374469217423252,1.003436933777918,0.013791931771033227,0.0007567661573528895,6.122772682157561,-0.018583735748788438
2022-02-24,0.014617972830134975,0.9993953954437259,0.014609134737158384,0.0007567661573528895,6.122772682157561,0.014846105252724002
2022-02-25,0.014580888298537138,0.9989024053016423,0.014564884392843319,0.0007567661573528895,6.122772682157561,0.022126080551265786
2022-02-28,0.015648678224666233,0.9955213312858727,0.015578592979083976,0.0007567661573528895,6.122772682157561,-0.0024455914631261143
2022-03-01,0.014682228711917291,0.9928369058694143,0.01457705852560704,0.0007541565956746646,6.164631543682869,-0.015594467786613053
2022-03-02,0.01493650085710351,0.9927800527078415,0.014828660108185943,0.0007541565956746646,6.164631543682869,0.018471046780652183
2022-03-03,0.015350384458018528,0.9927819136295516,0.01523958405718096,0.0007541565956746646,6.164631543682869,-0.005268520744245652
2022-03-04,0.014519729490086777,0.9927313771783027,0.014414191052950262,0.0007541565956746646,6.164631543682869,-0.007965684543001903
2022-03-07,0.013942200871161015,0.9927197665928187,0.013840698394609156,0.0007541565956746646,6.164631543682869,-0.029962586814416495
2022-03-08,0.017078065152532115,0.9927199699675889,0.016953736325326207,0.0007541565956746646,6.164631543682869,-0.007260043975698096
2022-03-09,0.016219742780177824,0.9927235664963622,0.01610172090039175,0.0007541565956746646,6.164631543682869,0.025373598122141117
2022-03-10,0.017548203332281045,0.9927527861444693,0.017421027749951665,0.0007541565956746646,6.164631543682869,-0.004301049920247209
2022-03-11,0.016499899251977382,0.992739877347373,0.016380107959652036,0.0007541565956746646,6.164631543682869,-0.013046278933238144
2022-03-14,0.01620029454652603,0.9927311508969966,0.016082537050043123,0.0007541565956746646,6.164631543682869,-0.007448675095533314
2022-03-15,0.01543054526449249,0.9927516440967012,0.015318699180633487,0.0007541565956746646,6.164631543682869,0.021182629724144964
2022-03-16,0.016185369979321445,0.9930260519549811,0.016072494049996246,0.0007541565956746646,6.164631543682869,0.022136921648393443
2022-03-17,0.016965410373156617,0.9936481212523058,0.016857648143561454,0.0007541565956746646,6.164631543682869,0.012272205068700267
2022-03-18,0.01638748361278732,0.9935313042074803,0.016281477966491296,0.0007541565956746646,6.164631543682869,0.011594814411888112
2022-03-21,0.015806953534912127,0.9936914373161936,0.015707234377697117,0.0007541565956746646,6.164631543682869,-0.0004347548543014596
2022-03-22,0.014788365784894175,0.993530448837917,0.014692691695845203,0.0007541565956746646,6.164631543682869,0.011240699554074212
2022-03-23,0.014338300516020997,0.9935692769069396,0.014246094875777382,0.0007541565956746646,6.164631543682869,-0.012348630252495208
2022-03-24,0.014217489843168429,0.9946995244297977,0.014142130385585115,0.0007541565956746646,6.164631543682869,0.014242012281618024
2022-03-25,0.014158293376947026,0.9997874930784414,0.014155284641606968,0.0007541565956746646,6.164631543682869,0.005053380704237665
2022-03-28,0.01334095623798656,1.0040841886886398,0.013395443220549384,0.0007541565956746646,6.164631543682869,0.007119551020042568
2022-03-29,0.012700096909245171,1.0051879957897614,0.012765984958539896,0.0007541565956746646,6.164631543682869,0.01218204410139109
2022-03-30,0.012584936495243117,1.0062895474756475,0.012664090050807958,0.0007541565956746646,6.164631543682869,-0.006313588999088777
2022-03-31,0.012061560712832367,1.0064205499524523,0.012139002565893644,0.0007541565956746646,6.164631543682869,-0.015776335226881762
2022-04-01,0.0127659588899316,1.0064272052571315,0.012848008328021292,0.0007551095809058276,6.212926688168783,0.0034044209614630277
2022-04-04,0.01199840750843149,1.0061914760473578,0.012072695361126382,0.0007551095809058276,6.212926688168783,0.008058382532133647
2022-04-05,0.01154979641754722,1.0061135014566789,0.01162040611477024,0.0007551095809058276,6.212926688168783,-0.01263115907400537
2022-04-06,0.01184837472403401,1.0063766375912544,0.011923927515694554,0.0007551095809058276,6.212926688168783,-0.009764433912479721
2022-04-07,0.01173250297401492,1.006392431829852,0.011807502199469846,0.0007551095809058276,6.212926688168783,0.004244365552037262
2022-04-08,0.01107381893019132,1.0063672155834562,0.011144328322652008,0.0007551095809058276,6.212926688168783,-0.0026545466755523947
2022-04-11,0.010464644206572036,1.0061828278678038,0.010529345300399081,0.0007551095809058276,6.212926688168783,-0.017021334584696127
2022-04-12,0.01171329775012135,1.006333061633298,0.011787478786702039,0.0007551095809058276,6.212926688168783,-0.0034233005304522353
2022-04-13,0.01108679128002189,1.0064378227225765,0.011158166076844878,0.0007551095809058276,6.212926688168783,0.011112603268901934
2022-04-14,0.011047309074882274,1.0064456579028034,0.0111185162499255,0.0007551095809058276,6.212926688168783,-0.012218480383508163
2022-04-18,0.011363217839082597,1.006448871600717,0.011436497771897817,0.0007551095809058276,6.212926688168783,-0.0002048892724065068
2022-04-19,0.010666532525188654,1.0064497555536018,0.010735329052580664,0.0007551095809058276,6.212926688168783,0.01593004474938665
2022-04-20,0.011397282929186523,1.0064522654309356,0.011470821223837106,0.0007551095809058276,6.212926688168783,-0.0006186664061825758
2022-04-21,0.010703854133699765,1.0064474720957124,0.01077286693454337,0.0007551095809058276,6.212926688168783,-0.014862855551311067
2022-04-22,0.011504042435469247,1.0061539783745501,0.011574838063837032,0.0007551095809058276,6.212926688168783,-0.028132076377366966
2022-04-25,0.014954081100309874,1.0062939130785258,0.01504820078692445,0.0007551095809058276,6.212926688168783,0.0056817651441118085
2022-04-26,0.014102130869792001,0.9992817287821371,0.014092001715077693,0.0007551095809058276,6.212926688168783,-0.028550008928597752
2022-04-27,0.016868370152127367,0.9944557816153871,0.016774848224211485,0.0007551095809058276,6.212926688168783,0.0020958490249645954
2022-04-28,0.015776701377064318,0.9936407061675776,0.015676372697301183,0.0007551095809058276,6.212926688168783,0.024445655340832175
2022-04-29,0.017023339033285793,0.9927654955454525,0.016900183611218214,0.0007551095809058276,6.212926688168783,-0.03695915978469415
2022-05-02,0.020930785298633344,0.9927291058903694,0.02077859977509557,0.0007504565105430237,6.230852662973394,0.005659199293818601
2022-05-03,0.019622723201317308,0.9927212542834726,0.019479894388869115,0.0007504565105430237,6.230852662973394,0.004825465075359521
2022-05-04,0.018385196054202982,0.9927305480887241,0.018251545755607574,0.0007504565105430237,6.230852662973394,0.029425221557325833
2022-05-05,0.020032614116702464,0.9927270770474863,0.01988691845769425,0.0007504565105430237,6.230852662973394,-0.03630067756409906
2022-05-06,0.022965922714736936,0.9927227733461083,0.022798794489826035,0.0007504565105430237,6.230852662973394,-0.00569038441395277
2022-05-09,0.02156111485594106,0.9927197134648063,0.021404143761771587,0.0007504565105430237,6.230852662973394,-0.03256151953960419
2022-05-10,0.023422999865445764,0.9927198577453273,0.02325247709439414,0.0007504565105430237,6.230852662973394,0.002454881760409255
2022-05-11,0.021870268066693913,0.9927197204660559,0.021711046401686092,0.0007504565105430237,6.230852662973394,-0.016600232095697796
2022-05-12,0.021348795021863837,0.9927198503541559,0.021193372599346217,0.0007504565105430237,6.230852662973394,-0.0012968049941124407
2022-05-13,0.019945589499148465,0.9927206048730179,0.019800397672143578,0.0007504565105430237,6.230852662973394,0.023589267956869442
2022-05-16,0.02035651904936201,0.992725159359167,0.02020842861727582,0.0007504565105430237,6.230852662973394,-0.003954208517722458
2022-05-17,0.01908420980495198,0.9927236136046377,0.01894534572036099,0.0007504565105430237,6.230852662973394,0.01996891958146264
2022-05-18,0.01911830955656175,0.9927220557211363,0.018979167564903025,0.0007504565105430237,6.230852662973394,-0.041233809291248875
2022-05-19,0.023382583049748305,0.9927245800984494,0.023212464939678507,0.0007504565105430237,6.230852662973394,-0.005850864777347809
2022-05-20,0.021952748163126888,0.9927197507636448,0.021792926685076385,0.0007504565105430237,6.230852662973394,0.0001461310919903067
2022-05-23,0.020494962339239305,0.9927201380215731,0.020345761842156584,0.0007504565105430237,6.230852662973394,0.018384995412060758
2022-05-24,0.020160728402832572,0.9927216463946854,0.020013991492576048,0.0007504565105430237,6.230852662973394,-0.008153950903558081
2022-05-25,0.01909727014658923,0.9927234398395578,0.018958307711467358,0.0007504565105430237,6.230852662973394,0.009406385648931585
2022-05-26,0.018107596262917722,0.9927356554136089,0.01797605644403264,0.0007504565105430237,6.230852662973394,0.019688166007720866
2022-05-27,0.018236819568972898,0.9927401171126021,0.01810442239466355,0.0007504565105430237,6.230852662973394,0.024441130195822013
2022-05-31,0.01904862509345602,0.9927451424152263,0.01891043003121725,0.0007504565105430237,6.230852662973394,-0.006294135193666945
2022-06-01,0.017978660479168785,0.9927376852728568,0.01784809378839661,0.0007506239178706703,6.246741630158134,-0.007510905041155451
2022-06-02,0.017061491850386804,0.9927924506867548,0.016938520306517612,0.0007506239178706703,6.246741630158134,0.018263225415545106
2022-06-03,0.01714394216031212,0.9929192523408397,0.01702255023199171,0.0007506239178706703,6.246741630158134,-0.016482405609817057
2022-06-06,0.01717884186208042,0.9929881509708538,0.017058386416447937,0.0007506239178706703,6.246741630158134,0.003132489407036025
2022-06-07,0.01608089982649606,0.9927916862077608,0.01596498365448511,0.0007506239178706703,6.246741630158134,0.00947833153171984
2022-06-08,0.01536092919850805,0.9928725276735568,0.01525144460073723,0.0007506239178706703,6.246741630158134,-0.010852623040155319
2022-06-09,0.01496088944051177,0.9929605727874342,0.014855573348260043,0.0007506239178706703,6.246741630158134,-0.02408645766515553
2022-06-10,0.016597159029777174,0.9931654458144579,0.016483724847062103,0.0007506239178706703,6.246741630158134,-0.029542414811409477
2022-06-13,0.018950192426408823,0.9927306187382677,0.018812436252678064,0.0007506239178706703,6.246741630158134,-0.03953993199003993
2022-06-14,0.022863994400812562,0.9927214949511849,0.022697578702130166,0.0007506239178706703,6.246741630158134,-0.003780818039489633
2022-06-15,0.021407865571265797,0.9927198004302753,0.021252012037545145,0.0007506239178706703,6.246741630158134,0.014487058836534478
2022-06-16,0.020590495386702625,0.9927198446703547,0.020440593381973085,0.0007506239178706703,6.246741630158134,-0.033052207113840666
2022-06-17,0.022740621370968786,0.9927205599996322,0.022575082382127735,0.0007506239178706703,6.246741630158134,0.0021984473410133873
2022-06-21,0.021237495954008687,0.9927197463603675,0.021082881596792835,0.0007506239178706703,6.246741630158134,0.024182474960671992
2022-06-22,0.021543393720034887,0.9927205885902469,0.02138657049398446,0.0007506239178706703,6.246741630158134,-0.0013024200953574458
2022-06-23,0.020130612185631815,0.9927201040754432,0.0199840634240228,0.0007506239178706703,6.246741630158134,0.00948707248555652
2022-06-24,0.019062691979512887,0.9927220841978035,0.018923955312322785,0.0007506239178706703,6.246741630158134,0.030105539729901033
2022-06-27,0.020694972297359573,0.9927352486546078,0.020544628469519478,0.0007506239178706703,6.246741630158134,-0.0029774998903406716
2022-06-28,0.01937408858953348,0.9927225117560465,0.019233093887585834,0.0007506239178706703,6.246741630158134,-0.0203486731494949
2022-06-29,0.019620837513495512,0.9927300794281915,0.01947819558322004,0.0007506239178706703,6.246741630158134,-0.0007119988201726959
2022-06-30,0.01833617849651264,0.9927276539609571,0.018202831461452344,0.0007506239178706703,6.246741630158134,-0.008797866246367652
2022-07-01,0.017488158029022583,0.9927527885991125,0.01736141765077413,0.0007472569693703314,6.272807266587373,0.010498511296639174
2022-07-05,0.016719092722056274,0.9928106429209325,0.01659889319443937,0.0007472569693703314,6.272807266587373,0.0015828751061934918
2022-07-06,0.015637007952337474,0.9930199436503645,0.01552786075569046,0.0007472569693703314,6.272807266587373,0.003566795705066178
2022-07-07,0.014663403809926723,0.9941794507157542,0.014578054745376247,0.0007472569693703314,6.272807266587373,0.014853723180930391
2022-07-08,0.01462713733220574,1.0003405461742876,0.014632118547865003,0.0007472569693703314,6.272807266587373,-0.00083061639612735
2022-07-11,0.01370206621455487,1.0049641596516934,0.013770085458801994,0.0007472569693703314,6.272807266587373,-0.011594417660525545
2022-07-12,0.013573675714165559,1.0059321434703856,0.013654196705922477,0.0007472569693703314,6.272807266587373,-0.00928686849749371
2022-07-13,0.013212010875069886,1.005986878892538,0.013291109584105823,0.0007472569693703314,6.272807266587373,-0.00446686411181668
2022-07-14,0.012517191660656768,1.0061311221081908,0.012593936091179881,0.0007472569693703314,6.272807266587373,-0.003003138812764307
2022-07-15,0.011808995717091769,1.0063748216127912,0.011884275958214445,0.0007472569693703314,6.272807266587373,0.01901923165863364
2022-07-18,0.012869527792032535,1.0061859838273846,0.012949138482820125,0.0007472569693703314,6.272807266587373,-0.008398742485835936
2022-07-19,0.012497216983811042,1.0053915603811678,0.012564596483775815,0.0007472569693703314,6.272807266587373,0.02725351764373082
2022-07-20,0.015086635001994557,1.0059079993212359,0.015175766831346074,0.0007472569693703314,6.272807266587373,0.0058784939410571665
2022-07-21,0.014236642707373182,1.0049537678985676,0.014307167731000343,0.0007472569693703314,6.272807266587373,0.00981306668950467
2022-07-22,0.013718743439680946,1.0057707284084958,0.013797910582177178,0.0007472569693703314,6.272807266587373,-0.009376287293813849
2022-07-25,0.013350305578894201,1.0063497915467992,0.013435077236406249,0.0007472569693703314,6.272807266587373,0.001314302973305868
2022-07-26,0.012506657423263307,1.0064029507603764,0.012586736934921358,0.0007472569693703314,6.272807266587373,-0.011610342599263359
2022-07-27,0.012532441253366918,1.0063334436979612,0.012611814764443124,0.0007472569693703314,6.272807266587373,0.025820048778629066
2022-07-28,0.014793909544588308,1.006265520024266,0.014886601081077106,0.0007472569693703314,6.272807266587373,0.012060319791912806
2022-07-29,0.01442770291924681,1.0042263202686812,0.014488679012524933,0.0007472569693703314,6.272807266587373,0.014107775781753557
2022-08-01,0.014323023814624074,1.0019723200074333,0.0143512734010606,0.0007503353175378285,6.288110703851133,-0.002827076544916728
2022-08-02,0.013470878956074935,0.9996855091807756,0.013466642488316366,0.0007503353175378285,6.288110703851133,-0.00668468837887098
2022-08-03,0.012896590914716812,0.9992291680490831,0.012886649810381845,0.0007503353175378285,6.288110703851133,0.015517456270090707
2022-08-04,0.013192523915971716,1.0031366621298619,0.013233904406136242,0.0007503353175378285,6.288110703851133,-0.0007776424495837734
2022-08-05,0.012372375812496627,1.0052091304513189,0.012436825132096664,0.0007503353175378285,6.288110703851133,-0.0016270690189191196
2022-08-08,0.011630600794972462,1.0058431743127898,0.011698560422779959,0.0007503353175378285,6.288110703851133,-0.0012383171221209141
2022-08-09,0.010934904141322133,1.0059888402978228,0.011000391535896513,0.0007503353175378285,6.288110703851133,-0.004257744235926498
2022-08-10,0.010422713697448653,1.005671643836371,0.010481827617349048,0.0007503353175378285,6.288110703851133,0.021067158460407496
2022-08-11,0.012201024212677786,1.0051376446008857,0.012263708738849327,0.0007503353175378285,6.288110703851133,-0.0007057229222018175
2022-08-12,0.011452361359508015,1.00413026409406,0.01149966263642339,0.0007503353175378285,6.288110703851133,0.017174046951492668
2022-08-15,0.012251390580718495,1.0006521126146481,0.012259379867063163,0.0007503353175378285,6.288110703851133,0.003961684056233163
2022-08-16,0.011544634599700987,1.0018592362759062,0.011566098803140834,0.0007503353175378285,6.288110703851133,0.0018739228259478625
2022-08-17,0.010839484850069222,1.004912464615382,0.010892733435844156,0.0007503353175378285,6.288110703851133,-0.007264114867648021
2022-08-18,0.010575902255585056,1.0062005712042827,0.010641478890570346,0.0007503353175378285,6.288110703851133,0.0022669896063847975
2022-08-19,0.009949650773540996,1.006372137290172,0.010013051314259265,0.0007503353175378285,6.288110703851133,-0.012983928713038868
2022-08-22,0.010570070873875929,1.0063436035712825,0.010637123213220157,0.0007503353175378285,6.288110703851133,-0.021632366466494565
2022-08-23,0.012762165028444213,1.0062537949801698,0.012841976992035195,0.0007503353175378285,6.288110703851133,-0.002240370434437464
2022-08-24,0.01200882030712198,1.0064025445656173,0.012085707314318819,0.0007503353175378285,6.288110703851133,0.002911916698724165
2022-08-25,0.011288851208038832,1.006432871416144,0.011361470936296126,0.0007503353175378285,6.288110703851133,0.013993241836107048
2022-08-26,0.011608444943838747,1.0064141436246656,0.011682903176967553,0.0007503353175378285,6.288110703851133,-0.03426857631703952
2022-08-29,0.016612114515120378,1.0063962501631252,0.01671836975529757,0.0007503353175378285,6.288110703851133,-0.0066886751973248065
2022-08-30,0.0157636869431844,1.0062475169297427,0.01586217084423711,0.0007503353175378285,6.288110703851133,-0.011089416492117008
2022-08-31,0.015345880687478436,1.006333386087498,0.015443072074724914,0.0007503353175378285,6.288110703851133,-0.007847738208153028
2022-09-01,0.014681606942836725,1.006378611078272,0.014775255203529139,0.0007474144199649724,6.262553970198628,0.0029917522671948716
2022-09-02,0.013772546291998382,1.006402811039071,0.013860729303432906,0.0007474144199649724,6.262553970198628,-0.010794552570724387
2022-09-06,0.013546987215179584,1.006381841929566,0.013633441946208712,0.0007474144199649724,6.262553970198628,-0.004103464690895143
2022-09-07,0.012812724089252657,1.006429150540584,0.01289509902125743,0.0007474144199649724,6.262553970198628,0.018174848666169877
2022-09-08,0.013530004601235926,1.006439667509452,0.013617133332269242,0.0007474144199649724,6.262553970198628,0.006588966880442448
2022-09-09,0.012849782080105112,1.0064420799644302,0.012932561403790652,0.0007474144199649724,6.262553970198628,0.01515601498121106
2022-09-12,0.013100728460043518,1.0064406533962567,0.013185105711293133,0.0007474144199649724,6.262553970198628,0.010528651483995635
2022-09-13,0.012767864290956244,1.0063204184458976,0.01284856253593552,0.0007474144199649724,6.262553970198628,-0.04419916303197406
2022-09-14,0.020025458263419674,1.0063459480740415,0.020152538781718222,0.0007474144199649724,6.262553970198628,0.003381289078844715
2022-09-15,0.018744306963168332,1.0023264524937832,0.018787914702847033,0.0007474144199649724,6.262553970198628,-0.011382272168149512
2022-09-16,0.01805552085227181,0.9977834394367423,0.01801549969680159,0.0007474144199649724,6.262553970198628,-0.007208049775663175
2022-09-19,0.017124429945206066,0.9969395742184752,0.017072021898307845,0.0007474144199649724,6.262553970198628,0.006833697724705768
2022-09-20,0.01616753042419397,0.9979878732869221,0.01613499930434295,0.0007474144199649724,6.262553970198628,-0.011336114736600402
2022-09-21,0.01573411647212089,0.9992774143976201,0.015722747226091967,0.0007474144199649724,6.262553970198628,-0.01726467409850635
2022-09-22,0.016071353150473363,1.000981576035186,0.01608712840557888,0.0007474144199649724,6.262553970198628,-0.008463293830453985
2022-09-23,0.015396761044528204,0.9959797116396469,0.01533486162531375,0.0007474144199649724,6.262553970198628,-0.017382828767330778
2022-09-26,0.015801662773752525,0.9931469376828523,0.015693372994049447,0.0007474144199649724,6.262553970198628,-0.010394360890280502
2022-09-27,0.015316405111866611,0.9927608827049186,0.015205527858722824,0.0007474144199649724,6.262553970198628,-0.0021226109548247284
2022-09-28,0.014375849888796182,0.9927874864012842,0.014272163875980143,0.0007474144199649724,6.262553970198628,0.019481144181152356
2022-09-29,0.015035820196067163,0.9927421683906804,0.0149266927449761,0.0007474144199649724,6.262553970198628,-0.0213527948230975
2022-09-30,0.016140185525762723,0.9927342089161564,0.016022914309678053,0.0007474144199649724,6.262553970198628,-0.0151813515462093
2022-10-03,0.01614617063677267,0.992762765345919,0.016029317011109514,0.0007428715647363183,6.260471770254707,0.02555457753093017
2022-10-04,0.017512631563962773,0.9927958742251646,0.017386468363527634,0.0007428715647363183,6.260471770254707,0.030125341416799834
2022-10-05,0.019447598677273404,0.9928064396779396,0.019307701203069214,0.0007428715647363183,6.260471770254707,-0.0020199875589381176
2022-10-06,0.018217586617146567,0.9927293601346039,0.018085133105636635,0.0007428715647363183,6.260471770254707,-0.010297922911395202
2022-10-07,0.017493587873473396,0.9927251428340179,0.01736632452037332,0.0007428715647363183,6.260471770254707,-0.028403196531478058
2022-10-10,0.01938741217511728,0.9927220668279526,0.01924631188492784,0.0007428715647363183,6.260471770254707,-0.007520673133652772
2022-10-11,0.01837237799316959,0.992720373531773,0.01823863394404624,0.0007428715647363183,6.260471770254707,-0.006540518412323781
2022-10-12,0.017384446159037375,0.9927208862623976,0.017257902798180517,0.0007428715647363183,6.260471770254707,-0.0032961996501662937
2022-10-13,0.016333408685433922,0.9927254619352515,0.01621459068222464,0.0007428715647363183,6.260471770254707,0.025634259307631132
2022-10-14,0.017677475964525968,0.9927288520608044,0.017548940421596326,0.0007428715647363183,6.260471770254707,-0.023947120744528417
2022-10-17,0.018736337997703075,0.9927280985356959,0.018600089193981883,0.0007428715647363183,6.260471770254707,0.026135524557561848
2022-10-18,0.019725842781624973,0.9927243700739905,0.019582324849567224,0.0007428715647363183,6.260471770254707,0.011362768207087462
2022-10-19,0.018834153370062202,0.992720808326332,0.01869705595767026,0.0007428715647363183,6.260471770254707,-0.006694455239684375
2022-10-20,0.017817820251372476,0.9927234956317131,0.017688168804480014,0.0007428715647363183,6.260471770254707,-0.007982686738766696
2022-10-21,0.016960705014479924,0.9927215224164972,0.01683725690323163,0.0007428715647363183,6.260471770254707,0.023447759860447268
2022-10-24,0.017817865894281686,0.9927204171445684,0.017688159263197292,0.0007428715647363183,6.260471770254707,0.011811940205111494
2022-10-25,0.017133481124714155,0.9927199850438382,0.01700874912587512,0.0007428715647363183,6.260471770254707,0.01613577001587496
2022-10-26,0.01694823568700419,0.9927264389214756,0.016824961659561537,0.0007428715647363183,6.260471770254707,-0.007415140398989885
2022-10-27,0.016127957320187042,0.9927228915556281,0.016010592425781837,0.0007428715647363183,6.260471770254707,-0.006101185053184453
2022-10-28,0.015296126384281744,0.992720532292899,0.01518477872622363,0.0007428715647363183,6.260471770254707,0.024328036770856338
2022-10-31,0.016609378459942304,0.9927352007789411,0.016488714660244243,0.0007428715647363183,6.260471770254707,-0.007482327030336412
2022-11-01,0.015827961390624097,0.9927691116079389,0.01571351116833464,0.0007452525989798125,6.304169765785364,-0.0041096637203590055
2022-11-02,0.014922765900999052,0.9929922455512932,0.014818190821869316,0.0007452525989798125,6.304169765785364,-0.025319843737482882
2022-11-03,0.016783325154586998,0.9942820749837704,0.01668735935983007,0.0007452525989798125,6.304169765785364,-0.010642422531956597
2022-11-04,0.01622666624756736,0.9933812481389998,0.016119265970143442,0.0007452525989798125,6.304169765785364,0.013526823285563951
2022-11-07,0.015860956100225043,0.9929106472878845,0.015748512188079166,0.0007452525989798125,6.304169765785364,0.00956806167935914
2022-11-08,0.015181859460014687,0.9927419726849707,0.015071669109360964,0.0007452525989798125,6.304169765785364,0.005582282828760321
2022-11-09,0.014325127610988631,0.9927458790162491,0.01422121140219085,0.0007452525989798125,6.304169765785364,-0.020996784712303443
2022-11-10,0.01549889407566354,0.9927480332724974,0.015386496611513742,0.0007452525989798125,6.304169765785364,0.05395251566479769
2022-11-11,0.023876006982482028,0.9927209802811429,0.02370221305684897,0.0007452525989798125,6.304169765785364,0.009198312304769028
2022-11-14,0.02252094896204152,0.9927197016209118,0.02235698973381764,0.0007452525989798125,6.304169765785364,-0.008975940544918012
2022-11-15,0.02133863222462128,0.9927197020722115,0.02118328062465453,0.0007452525989798125,6.304169765785364,0.008675376414669186
2022-11-16,0.020152923986843672,0.9927197069717659,0.020006204794843722,0.0007452525989798125,6.304169765785364,-0.008286283111873759
2022-11-17,0.019121837392374153,0.9927197301030013,0.018982625255231148,0.0007452525989798125,6.304169765785364,-0.0030941046442292835
2022-11-18,0.01794092102484329,0.9927203035362793,0.017810316565502846,0.0007452525989798125,6.304169765785364,0.00474729564815821
2022-11-21,0.01684938940803145,0.992727469778907,0.01672685171435458,0.0007452525989798125,6.304169765785364,-0.003891249800275618
2022-11-22,0.01585903131075782,0.992755976949526,0.0157441481223845,0.0007452525989798125,6.304169765785364,0.01348860626982839
2022-11-23,0.015529584067628539,0.9927994024967015,0.015417761783363909,0.0007452525989798125,6.304169765785364,0.0058972660417383116
2022-11-25,0.014659937464658768,0.9928404493327982,0.014554978899602534,0.0007452525989798125,6.304169765785364,-0.0002830842622024787
2022-11-28,0.01374054363660015,0.9939520438382737,0.013657441431047706,0.0007452525989798125,6.304169765785364,-0.015564696794064813
2022-11-29,0.014130911690650966,1.0000721049911805,0.014131930599913793,0.0007452525989798125,6.304169765785364,-0.0015931337016243704
2022-11-30,0.013269927644734716,1.0030678499675907,0.013310637791829547,0.0007452525989798125,6.304169765785364,0.030478643521294944
2022-12-01,0.016353012096474665,1.0036867966440262,0.016413302326591668,0.0007459079297090205,6.256811211816822,-0.0008680098296065889
2022-12-02,0.015330918662592397,0.9945184469789432,0.015246881419081888,0.0007459079297090205,6.256811211816822,-0.001195374663761461
2022-12-05,0.014385030533606145,0.9943916974635885,0.014304354930378165,0.0007459079297090205,6.256811211816822,-0.01805624963097222
2022-12-06,0.015049174999049487,0.9982308940116007,0.0150225514134382,0.0007459079297090205,6.256811211816822,-0.014503869422986057
2022-12-07,0.015109290981704458,1.0024395309377951,0.015146150564502475,0.0007459079297090205,6.256811211816822,-0.001864107253381664
2022-12-08,0.014192479587691305,1.0022698910978545,0.014224694970763885,0.0007459079297090205,6.256811211816822,0.007493634413933237
2022-12-09,0.013522826731587573,1.0060291946112998,0.013604358485647202,0.0007459079297090205,6.256811211816822,-0.0073767194642132125
2022-12-12,0.013009615151609684,1.0063625946283963,0.013092390059090818,0.0007459079297090205,6.256811211816822,0.01417830729965003
2022-12-13,0.013106936825957014,1.0064290349774054,0.013191201781257735,0.0007459079297090205,6.256811211816822,0.007263223255457212
2022-12-14,0.012515021990957085,1.0064439347073462,0.012595667975527814,0.0007459079297090205,6.256811211816822,-0.006071116623835963
2022-12-15,0.01199571536250081,1.0064456822309655,0.012073035931860602,0.0007459079297090205,6.256811211816822,-0.02523747790182607
2022-12-16,0.0145605590986553,1.0064475843218308,0.014654439531216881,0.0007459079297090205,6.256811211816822,-0.011200239946011676
2022-12-19,0.014294973211984923,1.006433099430713,0.014386934196017,0.0007459079297090205,6.256811211816822,-0.0090483289411038
2022-12-20,0.013847911227477784,1.0064358814499144,0.01393703474246677,0.0007459079297090205,6.256811211816822,0.001036800697890769
2022-12-21,0.012988848537440758,1.0064379789829634,0.013072470471337696,0.0007459079297090205,6.256811211816822,0.014758548669054294
2022-12-22,0.013165387175458699,1.006442158952495,0.013250200692314142,0.0007459079297090205,6.256811211816822,-0.014557142498145655
2022-12-23,0.013495287367398549,1.0064425886762585,0.013582231952974606,0.0007459079297090205,6.256811211816822,0.005850952271915072
2022-12-27,0.01278949263838527,1.0064435827036655,0.012871902791938627,0.0007459079297090205,6.256811211816822,-0.004057844034659477
2022-12-28,0.012124719026969533,1.006444904103602,0.012202861678381471,0.0007459079297090205,6.256811211816822,-0.012093470442948605
2022-12-29,0.012264718737068499,1.00644272695249,0.01234373697104052,0.0007459079297090205,6.256811211816822,0.01731063431499432
2022-12-30,0.01293080399651965,1.00644161714944,0.013014099285299676,0.0007459079297090205,6.256811211816822,-0.002543975646110833
2023-01-03,0.012186544219864093,1.0064372732732838,0.012264992335264315,0.0007408321450767764,6.281504324368456,-0.004008572481273608
2023-01-04,0.01156967817183292,1.0064475098796117,0.011644273786149741,0.0007408321450767764,6.281504324368456,0.007510694562138916
2023-01-05,0.011134669831056807,1.006447690957451,0.011206462741040714,0.0007408321450767764,6.281504324368456,-0.011713869136457158
2023-01-06,0.011360194903746517,1.00645098609548,0.01143347936311253,0.0007408321450767764,6.281504324368456,0.02258383558903089
2023-01-09,0.013184588672225179,1.0064496300849342,0.013269624391983044,0.0007408321450767764,6.281504324368456,-0.0007679273259905782
2023-01-10,0.012386341810248447,1.0064453467003913,0.01246617607756505,0.0007408321450767764,6.281504324368456,0.006953997970593733
2023-01-11,0.011838679703140044,1.0064487514677445,0.011915024406251825,0.0007408321450767764,6.281504324368456,0.012767571192293676
2023-01-12,0.011910515227413867,1.006450504678958,0.0119873440616171,0.0007408321450767764,6.281504324368456,0.0034100849120427303
2023-01-13,0.01123018015671664,1.0064494869323484,0.011302609056885302,0.0007408321450767764,6.281504324368456,0.003988892144656051
2023-01-17,0.01062084236371439,1.006448839274735,0.010689334469080282,0.0007408321450767764,6.281504324368456,-0.002032555430996314
2023-01-18,0.010040944377134639,1.0064492594866397,0.010105701032913696,0.0007408321450767764,6.281504324368456,-0.015684966977744675
2023-01-19,0.01109987212624577,1.0064483922825833,0.011171448456002315,0.0007408321450767764,6.281504324368456,-0.007667671901812428
2023-01-20,0.010853573483844074,1.0064431102950078,0.010923504254895453,0.0007408321450767764,6.281504324368456,0.01874167355235196
2023-01-23,0.012034325915853381,1.0064450467317745,0.01211188770876646,0.0007408321450767764,6.281504324368456,0.011811315951328555
2023-01-24,0.01196536831295588,1.0064297582436195,0.01204230273850405,0.0007408321450767764,6.281504324368456,-0.0007117563642918193
2023-01-25,0.011253081261781523,1.0064354862673615,0.011325500311707221,0.0007408321450767764,6.281504324368456,-0.00018174157346566321
2023-01-26,0.010584725073340195,1.0064281060219369,0.010652764808324678,0.0007408321450767764,6.281504324368456,0.010947708029114303
2023-01-27,0.01059449208030983,1.0064098668574697,0.010662401363967134,0.0007408321450767764,6.281504324368456,0.002491734021703855
2023-01-30,0.009987634075564966,1.006440014247305,0.010051954581308472,0.0007408321450767764,6.281504324368456,-0.013053569315292663
2023-01-31,0.010597639300243324,1.0064304225036922,0.010665786598485622,0.0007408321450767764,6.281504324368456,0.014536304416419527
2023-02-01,0.011098511445477344,1.006411009671661,0.011169664109695339,0.000744403320386655,6.307971961422674,0.01039805629688473
2023-02-02,0.010981478210369086,1.0063657368977987,0.011051383411405205,0.000744403320386655,6.307971961422674,0.014592384626854379
2023-02-03,0.011429293679950952,1.0063588089588773,0.011501970374996664,0.000744403320386655,6.307971961422674,-0.010408592637285455
2023-02-06,0.011445205215978043,1.0064240536492113,0.011518729828311718,0.000744403320386655,6.307971961422674,-0.006159393193939262
2023-02-07,0.011033675806319278,1.0064090032144863,0.01110439067002958,0.000744403320386655,6.307971961422674,0.012790364037397075
2023-02-08,0.011216656624464296,1.0064346495252054,0.011288831878687297,0.000744403320386655,6.307971961422674,-0.011142573012411353
2023-02-09,0.011353208025905883,1.0064446983428916,0.011426376026856942,0.000744403320386655,6.307971961422674,-0.008869009831037385
2023-02-10,0.01120229145413457,1.0064457573414114,0.011274498706515687,0.000744403320386655,6.307971961422674,0.0021928557092171274
2023-02-13,0.010547702423014404,1.0064436347971648,0.01061566796537748,0.000744403320386655,6.307971961422674,0.011383569951155146
2023-02-14,0.010614703246221279,1.0064473792773585,0.010683140263966277,0.000744403320386655,6.307971961422674,-0.0002804538554937624
2023-02-15,0.009996262483454891,1.0064387285491658,0.010060625704092068,0.000744403320386655,6.307971961422674,0.002769337533076689
2023-02-16,0.009443043753183418,1.0064370176872655,0.009503828792844282,0.000744403320386655,6.307971961422674,-0.013884689204881605
2023-02-17,0.010293444079022978,1.0064474275406186,0.010359810313865887,0.000744403320386655,6.307971961422674,-0.0027712421722827342
2023-02-21,0.00977078517211287,1.0064435858548135,0.009833744065238318,0.000744403320386655,6.307971961422674,-0.020244783973471698
2023-02-22,0.01181977699326471,1.006445021815518,0.011895955713840861,0.000744403320386655,6.307971961422674,-0.0015747954856433837
2023-02-23,0.011139167263819628,1.00644960659499,0.011211010510467054,0.000744403320386655,6.307971961422674,0.005315278263237728
2023-02-24,0.010600284102390048,1.0064501153503984,0.010668657157597457,0.000744403320386655,6.307971961422674,-0.010593464619774184
2023-02-27,0.010749802936646725,1.0064510822148847,0.010819150799184841,0.000744403320386655,6.307971961422674,0.0030682925395522777
2023-02-28,0.01014835288944572,1.0064517676763514,0.010213827704586053,0.000744403320386655,6.307971961422674,-0.0030406198309477117
2023-03-01,0.009647074846138241,1.0064503048079125,0.009709301419400579,0.0007389960703277324,6.334876208572802,-0.004736464203492832
2023-03-02,0.009296352721003674,1.0064511261752955,0.009356324665376921,0.0007389960703277324,6.334876208572802,0.0075535937311959735
2023-03-03,0.009091774545583822,1.0064604218592468,0.009150511244597455,0.0007389960703277324,6.334876208572802,0.01601874917648306
2023-03-06,0.010129418020213556,1.0064674331108447,0.010194929353711073,0.0007389960703277324,6.334876208572802,0.0006869307788483012
2023-03-07,0.009541212374001963,1.006452862882974,0.009602780509188735,0.0007389960703277324,6.334876208572802,-0.015445590479262547
2023-03-08,0.010651758491645862,1.0064497298895312,0.010720459456765499,0.0007389960703277324,6.334876208572802,0.0014137941356032722
2023-03-09,0.010028814489537336,1.0064425084927235,0.01009342521205813,0.0007389960703277324,6.334876208572802,-0.018631857945482354
2023-03-10,0.011656387840302738,1.0064084819717196,0.01173108759163269,0.0007389960703277324,6.334876208572802,-0.01458396943606664
2023-03-13,0.012217651576198318,1.006382134016161,0.012295626265920375,0.0007389960703277324,6.334876208572802,-0.001510901840738768
2023-03-14,0.011508474105996551,1.0064360632653955,0.01158254337343091,0.0007389960703277324,6.334876208572802,0.016342388235363665
2023-03-15,0.012138941850036571,1.0063962486336475,0.012216585540258795,0.0007389960703277324,6.334876208572802,-0.007005363929353597
2023-03-16,0.011729903657384355,1.0064423672155995,0.01180547200414883,0.0007389960703277324,6.334876208572802,0.017409576249031722
2023-03-17,0.012495160047243771,1.006422996957326,0.012575416422208519,0.0007389960703277324,6.334876208572802,-0.011080621273953702
2023-03-20,0.012456434440888297,1.0064392135751943,0.012536644082638583,0.0007389960703277324,6.334876208572802,0.008878869635940853
2023-03-21,0.012049698952284521,1.0064470397788419,0.01212738384075297,0.0007389960703277324,6.334876208572802,0.012898647518559103
2023-03-22,0.012108692805041645,1.0064481700811496,0.012186771715708946,0.0007389960703277324,6.334876208572802,-0.016600248639842885
2023-03-23,0.01291685164072047,1.0064473033309318,0.013000130501328838,0.0007389960703277324,6.334876208572802,0.0029800838691824228
2023-03-24,0.012157228149618693,1.0064448463600433,0.012235579617206978,0.0007389960703277324,6.334876208572802,0.005623963084303207
2023-03-27,0.011553926695588728,1.0064494523008953,0.011628443194699968,0.0007389960703277324,6.334876208572802,0.0016455995637670831
2023-03-28,0.010868759059266818,1.00645122542105,0.010938875874005228,0.0007389960703277324,6.334876208572802,-0.0015750832883878866
2023-03-29,0.010259963684427336,1.0064509155412582,0.010326149843611954,0.0007389960703277324,6.334876208572802,0.014136870775046802
2023-03-30,0.010754418919627378,1.0064523928154143,0.010823810654998337,0.0007389960703277324,6.334876208572802,0.005698999199482652
2023-03-31,0.01027116987089478,1.0064522266756526,0.010337441787125926,0.0007389960703277324,6.334876208572802,0.014333327782036555
2023-04-03,0.01079426369737995,1.0064532092703828,0.01086392133993884,0.0007417035764659464,6.383729029893955,0.003692022565802823
2023-04-04,0.01021208409029964,1.0064492380056873,0.010277944251132076,0.0007417035764659464,6.383729029893955,-0.005813839745162529
2023-04-05,0.009891874108560694,1.0064508575740512,0.009955685179575463,0.0007417035764659464,6.383729029893955,-0.002495481657121423
2023-04-06,0.009390970550962763,1.006445099853545,0.00945149629388542,0.0007417035764659464,6.383729029893955,0.0035727731328032467
2023-04-10,0.008913017066517218,1.0064312866727787,0.00897033923439136,0.0007417035764659464,6.383729029893955,0.0009958070170100843
2023-04-11,0.008414779167940699,1.006426271172312,0.008468854820729007,0.0007417035764659464,6.383729029893955,-4.135333298352082e-05
2023-04-12,0.007958030856348317,1.0064413150063152,0.008009291039924033,0.0007417035764659464,6.383729029893955,-0.0041434563234613855
2023-04-13,0.007725189011910304,1.006431936296437,0.007774876935512845,0.0007417035764659464,6.383729029893955,0.013175510497831548
2023-04-14,0.008526871797206315,1.006449815919009,0.008581868550663285,0.0007417035764659464,6.383729029893955,-0.0020715175845779886
2023-04-17,0.00811763846493755,1.0064417769396223,0.008169930481205177,0.0007417035764659464,6.383729029893955,0.0033007035826147536
2023-04-18,0.007731284472041724,1.0064480212344074,0.007781135958486693,0.0007417035764659464,6.383729029893955,0.0008548548034659753
2023-04-19,0.007321854002850943,1.0064814545933503,0.007369310267109561,0.0007417035764659464,6.383729029893955,-8.426554793962826e-05
2023-04-20,0.006950209526382546,1.0064458609600448,0.0069950096106327865,0.0007417035764659464,6.383729029893955,-0.005970335188311131
2023-04-21,0.007012434994988611,1.006446355594855,0.007057639644552113,0.0007417035764659464,6.383729029893955,0.0009027812573008861
2023-04-24,0.006659364841236316,1.0064511049799314,0.006702325102926796,0.0007417035764659464,6.383729029893955,0.0008512167782723126
2023-04-25,0.006334516078988377,1.00643634784329,0.00637528722789166,0.0007417035764659464,6.383729029893955,-0.01593718381857645
2023-04-26,0.008423234135472378,1.0064302553543394,0.008477397681872854,0.0007417035764659464,6.383729029893955,-0.0038485835033448754
2023-04-27,0.008123605454835026,1.0064798246418454,0.008176244993641895,0.0007417035764659464,6.383729029893955,0.019377193402696356
2023-04-28,0.010106132253558064,1.0066892062832737,0.01017373425692816,0.0007417035764659464,6.383729029893955,0.008219331313243467
2023-05-01,0.009881238421375815,1.0066546556869747,0.009946994660830976,0.0007426767018735226,6.347310374383836,-0.0003861810485107871
2023-05-02,0.009319350927611146,1.0065612291063386,0.009380497324169573,0.0007426767018735226,6.347310374383836,-0.011653906680571788
2023-05-03,0.009816274748918077,1.0065063053226617,0.009880142429565673,0.0007426767018735226,6.347310374383836,-0.007022908054892971
2023-05-04,0.00964711074705685,1.0064536047990833,0.009709369387271344,0.0007426767018735226,6.347310374383836,-0.007244913455062742
2023-05-05,0.009519677751874627,1.0064842176400373,0.009581405414280804,0.0007426767018735226,6.347310374383836,0.018306166381879797
2023-05-08,0.010903728576681202,1.0065321972533232,0.010974953882540781,0.0007426767018735226,6.347310374383836,0.0004520264848820656
2023-05-09,0.010260266271424824,1.0064627988907269,0.01032657630890235,0.0007426767018735226,6.347310374383836,-0.004589938949059595
2023-05-10,0.009843583328319023,1.006469887879006,0.009907270208780898,0.0007426767018735226,6.347310374383836,0.004473942241914432
2023-05-11,0.009368715447656948,1.0065127662667954,0.009429731701587653,0.0007426767018735226,6.347310374383836,-0.0016980648897067581
2023-05-12,0.008877561804432374,1.0066159436098345,0.00893629525272332,0.0007426767018735226,6.347310374383836,-0.0015845615894390477
2023-05-15,0.008420986055392278,1.0068857154378037,0.008478970569075421,0.0007426767018735226,6.347310374383836,0.002953797680316935
2023-05-16,0.007996629474916304,1.0068768812196482,0.00805162134597284,0.0007426767018735226,6.347310374383836,-0.006398107681917463
2023-05-17,0.007974116986156528,1.0079262718385962,0.008037322005061572,0.0007426767018735226,6.347310374383836,0.011820688622071574
2023-05-18,0.008496184853298746,1.0113481828679272,0.008592601112693693,0.0007426767018735226,6.347310374383836,0.009400723063727155
2023-05-19,0.00858861894044857,1.0129704442127048,0.008700017143279839,0.0007426767018735226,6.347310374383836,-0.0014469138806754414
2023-05-22,0.008150206623555893,1.0132902145029763,0.00825852461782653,0.0007426767018735226,6.347310374383836,0.00015502267980239146
2023-05-23,0.007711070363488332,1.008430734340841,0.007776080349206434,0.0007426767018735226,6.347310374383836,-0.011285468768284297
2023-05-24,0.008444388015326276,1.00645033842391,0.00849885717580794,0.0007426767018735226,6.347310374383836,-0.007345512678305211
2023-05-25,0.00847419037030518,1.0064536641058182,0.00852887994852389,0.0007426767018735226,6.347310374383836,0.008719456079011883
2023-05-26,0.00848705507002556,1.0064751160278387,0.008542009736338632,0.0007426767018735226,6.347310374383836,0.012964680931640788
2023-05-30,0.009103580394294965,1.0065233402603857,0.009162966146794727,0.0007426767018735226,6.347310374383836,1.660313066576836e-05
2023-05-31,0.008593997177549155,1.0064906197735317,0.008649777545563432,0.0007426767018735226,6.347310374383836,-0.006127358186214099
2023-06-01,0.008467173517509492,1.0066413573192163,0.008523407042323078,0.0007398765335626672,6.379761126781098,0.009806215085853812
2023-06-02,0.008614625873522882,1.0066678995328902,0.008672067333360968,0.0007398765335626672,6.379761126781098,0.014429812390107408
2023-06-05,0.009456892381379001,1.007575478570257,0.009528532866955364,0.0007398765335626672,6.379761126781098,-0.002005591490657713
2023-06-06,0.008971072453419963,1.0081933158224528,0.009044575283296939,0.0007398765335626672,6.379761126781098,0.002351130233850576
2023-06-07,0.008487809421175248,1.0107317696042994,0.008578898636328504,0.0007398765335626672,6.379761126781098,-0.003819293926420617
2023-06-08,0.008180372373615524,1.0145246970305295,0.008299189803939204,0.0007398765335626672,6.379761126781098,0.00616957160752325
2023-06-09,0.00796963472194825,1.0156814446407039,0.008094610107647112,0.0007398765335626672,6.379761126781098,0.0011474010230505239
2023-06-12,0.007544042712569999,1.015471753549577,0.0076607622821863635,0.0007398765335626672,6.379761126781098,0.00927797498175416
2023-06-13,0.007755068160908839,1.015422397406562,0.00787466990400135,0.0007398765335626672,6.379761126781098,0.006908570725908897
2023-06-14,0.007658416809152485,1.0152442722082613,0.00777516379967553,0.0007398765335626672,6.379761126781098,0.0008190899801265841
2023-06-15,0.007255431431813069,1.0145555968595363,0.007361038566776549,0.0007398765335626672,6.379761126781098,0.012104580493589997
2023-06-16,0.007960443798980747,1.0157166754202682,0.008085555510370615,0.0007398765335626672,6.379761126781098,-0.0036783764677510893
2023-06-20,0.007692824908819638,1.0158351080165948,0.007814641622203548,0.0007398765335626672,6.379761126781098,-0.004746353835236048
2023-06-21,0.007538343381541088,1.01591131784382,0.007658288359100645,0.0007398765335626672,6.379761126781098,-0.005259086366925201
2023-06-22,0.007449733887098972,1.015873085347305,0.007567984148903604,0.0007398765335626672,6.379761126781098,0.0037039303873345254
2023-06-23,0.007139444798874148,1.0158476400092598,0.007252588149912688,0.0007398765335626672,6.379761126781098,-0.007688288056502158
2023-06-26,0.007397105816078851,1.0158903520968652,0.007514648431994114,0.0007398765335626672,6.379761126781098,-0.004496934363132171
2023-06-27,0.007252239993727904,1.01591180460542,0.0073676362194597155,0.0007398765335626672,6.379761126781098,0.01139073352418076
2023-06-28,0.007834764832662851,1.0159206190078103,0.007959499138579467,0.0007398765335626672,6.379761126781098,-0.0003541393883898215
2023-06-29,0.007428115086632243,1.0158647316968183,0.007545960139494752,0.0007398765335626672,6.379761126781098,0.00446356811449
2023-06-30,0.0071637381422641954,1.0158567254965565,0.0072773315715152906,0.0007398765335626672,6.379761126781098,0.0121943502618858
2023-07-03,0.007896985042789672,1.0159171690961668,0.008022682689065655,0.0007477846860982499,6.414635831968976,0.0011699930926736418
2023-07-05,0.0074779399648240595,1.0158921515282022,0.007596780519863843,0.0007477846860982499,6.414635831968976,-0.0019702580976127164
2023-07-06,0.0071537106385490875,1.0158732359467053,0.007267263175409233,0.0007477846860982499,6.414635831968976,-0.007954061175894762
2023-07-07,0.007446854106081945,1.0159038307995398,0.0075652876137739305,0.0007477846860982499,6.414635831968976,-0.002869212795733482
2023-07-10,0.007174419930820019,1.015904429952938,0.007288524990062708,0.0007477846860982499,6.414635831968976,0.002402138610626312
2023-07-11,0.00683472957181513,1.0159016133319974,0.006943412798694902,0.0007477846860982499,6.414635831968976,0.006719583998254874
2023-07-12,0.006827413184916894,1.015930120635557,0.006936174700581414,0.0007477846860982499,6.414635831968976,0.007383905235389679
2023-07-13,0.006896316553126555,1.0159294218064534,0.0070061708884121355,0.0007477846860982499,6.414635831968976,0.008434482989627111
2023-07-14,0.007088145049436117,1.0159319695941549,0.007201073160842693,0.0007477846860982499,6.414635831968976,-0.001024932196907484
2023-07-17,0.006759266315623046,1.0159335984291145,0.006866965750771624,0.0007477846860982499,6.414635831968976,0.0038479695744204137
2023-07-18,0.00651948104803653,1.0159314378475424,0.006623345755151554,0.0007477846860982499,6.414635831968976,0.007092066941428338
2023-07-19,0.006595338459920403,1.0159201608681099,0.006700337309181968,0.0007477846860982499,6.414635831968976,0.002355134827233639
2023-07-20,0.006302602516640716,1.0159171768679474,0.006402922155626457,0.0007477846860982499,6.414635831968976,-0.006779827396257691
2023-07-21,0.006564420964447062,1.015927203692845,0.0066689738342733925,0.0007477846860982499,6.414635831968976,0.0003240420146130911
2023-07-24,0.0062506449366094615,1.0158989082379215,0.006350023366884444,0.0007477846860982499,6.414635831968976,0.004026038496874852
2023-07-25,0.006071087653760619,1.0158502219677323,0.0061673157406582834,0.0007477846860982499,6.414635831968976,0.0028107195758387046
2023-07-26,0.005841496036567187,1.0159221594019918,0.005934505267607513,0.0007477846860982499,6.414635831968976,-0.00015545097867591856
2023-07-27,0.005595308675374613,1.0158966954819175,0.005684255593514375,0.0007477846860982499,6.414635831968976,-0.006445393055197076
2023-07-28,0.005926768479021233,1.0159189778609532,0.006021116575225767,0.0007477846860982499,6.414635831968976,0.009829375810433848
2023-07-31,0.0065004814384286855,1.015928568962501,0.0066040248053101545,0.0007477846860982499,6.414635831968976,0.0014676354365687912
2023-08-01,0.006188321171586583,1.015929514874875,0.006286898125739875,0.0007539768563530399,6.425242115539037,-0.0026686453076827116
2023-08-02,0.006024556766869006,1.01582557239842,0.006119898826151483,0.0007539768563530399,6.425242115539037,-0.013936200638336184
2023-08-03,0.007723066149737176,1.0157712674230719,0.007844868691310755,0.0007539768563530399,6.425242115539037,-0.0025512254502915274
2023-08-04,0.007407459781443641,1.015540454329642,0.007522575071875826,0.0007539768563530399,6.425242115539037,-0.0053141693739379705
2023-08-07,0.007340247219121359,1.0158030402107074,0.007456245441081668,0.0007539768563530399,6.425242115539037,0.008983618964856572
2023-08-08,0.007537448873492352,1.0158730000794693,0.007657090800060292,0.0007539768563530399,6.425242115539037,-0.004227205100058866
2023-08-09,0.007355348203589977,1.0159036899651495,0.007472325381005591,0.0007539768563530399,6.425242115539037,-0.007063619102045116
2023-08-10,0.007496266784060265,1.015911552379936,0.007615544025648815,0.0007539768563530399,6.425242115539037,0.00025068252108086326
2023-08-11,0.007109100907125563,1.0159284843400551,0.007222338109596584,0.0007539768563530399,6.425242115539037,-0.0010702648992294865
2023-08-14,0.0067802683575207065,1.015929961834205,0.006888277773681679,0.0007539768563530399,6.425242115539037,0.005734004879419051
2023-08-15,0.006679707651267837,1.015851615690089,0.006785591809877882,0.0007539768563530399,6.425242115539037,-0.011618139396096483
2023-08-16,0.0076947928552374,1.0156840050322613,0.007815478025101151,0.0007539768563530399,6.425242115539037,-0.007584081792624527
2023-08-17,0.007854680361119531,1.0150334180135911,0.007972763054351387,0.0007539768563530399,6.425242115539037,-0.0077428113775290805
2023-08-18,0.008012425083177541,1.0150650403888217,0.00813313259066802,0.0007539768563530399,6.425242115539037,-0.00014871788395720285
2023-08-21,0.00759007347665113,1.015311455863318,0.007706288551688215,0.0007539768563530399,6.425242115539037,0.006855634859799785
2023-08-22,0.007504971988005459,1.015380417459888,0.007620401590205748,0.0007539768563530399,6.425242115539037,-0.0027813310465456837
2023-08-23,0.007222152497666034,1.0158271618915806,0.007336458674452278,0.0007539768563530399,6.425242115539037,0.010984330710791359
2023-08-24,0.007736364056118902,1.0156023833233139,0.007857069773651176,0.0007539768563530399,6.425242115539037,-0.01354935398400801
2023-08-25,0.00888074485057162,1.0158291251094602,0.009021319271876512,0.0007539768563530399,6.425242115539037,0.006695501060295156
2023-08-28,0.008641717515017043,1.015843254068185,0.008778630441192942,0.0007539768563530399,6.425242115539037,0.006245078594196461
2023-08-29,0.008389456999308605,1.0159097110365285,0.008522930835920987,0.0007539768563530399,6.425242115539037,0.014404068712056505
2023-08-30,0.009264583542532292,1.015926219647527,0.009412133334973524,0.0007539768563530399,6.425242115539037,0.003825854181192944
2023-08-31,0.008808488985660674,1.0158912227445127,0.008948466646174396,0.0007539768563530399,6.425242115539037,-0.0015982129743398576
2023-09-01,0.008362272310048357,1.0159137902374833,0.008495347757499182,0.000745672888808144,6.466331085492485,0.001797512765518541
2023-09-05,0.007916513837582054,1.0159262474103723,0.008042594195587022,0.000745672888808144,6.466331085492485,-0.004202997821381205
2023-09-06,0.007693817350318868,1.015929299358601,0.007816374470102496,0.000745672888808144,6.466331085492485,-0.006996014491432261
2023-09-07,0.007778488709417807,1.0159311159368185,0.007902408714860776,0.000745672888808144,6.466331085492485,-0.003216433115732967
2023-09-08,0.007498077577713755,1.015932727868732,0.00761754240729811,0.000745672888808144,6.466331085492485,0.0014256060622570594
2023-09-11,0.007113689437581235,1.0159338650195138,0.007227038004870396,0.000745672888808144,6.466331085492485,0.006700951498135517
2023-09-12,0.007070264510241042,1.0159335239719154,0.00718291873930275,0.000745672888808144,6.466331085492485,-0.005712169023003997
2023-09-13,0.007086300063078456,1.015935586939645,0.007199224413814054,0.000745672888808144,6.466331085492485,0.0012408621175346041
2023-09-14,0.006732424547017565,1.0159351919261435,0.006839707024302569,0.000745672888808144,6.466331085492485,0.00839458553366625
2023-09-15,0.006942595838466553,1.0159336814284765,0.007053216948843346,0.000745672888808144,6.466331085492485,-0.012234145842493929
2023-09-18,0.008013181862974554,1.0159321493763995,0.00814084907339572,0.000745672888808144,6.466331085492485,0.0007210276941755188
2023-09-19,0.007585238318203307,1.01592907975337,0.007706064184322285,0.000745672888808144,6.466331085492485,-0.0021533273615331264
2023-09-20,0.0072614858254078695,1.0159249275243822,0.007377124460896819,0.000745672888808144,6.466331085492485,-0.009439204206291041
2023-09-21,0.007760532706855162,1.0156408350049648,0.007881913918473716,0.000745672888808144,6.466331085492485,-0.016536918318488084
2023-09-22,0.0095242586661533,1.0157028982879774,0.009673817131256294,0.000745672888808144,6.466331085492485,-0.0022982374027607495
2023-09-25,0.009047105274473971,1.0155945602397447,0.009188190902672068,0.000745672888808144,6.466331085492485,0.0040149942038066174
2023-09-26,0.008618275066125584,1.0128707665486656,0.008729198872553872,0.000745672888808144,6.466331085492485,-0.014844165482264943
2023-09-27,0.009806559036620534,1.009256903370246,0.009897337406017144,0.000745672888808144,6.466331085492485,0.00022928777229479233
2023-09-28,0.009247613009706272,1.0073599490828555,0.009315674970595662,0.000745672888808144,6.466331085492485,0.005875877143000698
2023-09-29,0.008910745342362737,1.006799564267099,0.008971334527985885,0.000745672888808144,6.466331085492485,-0.002713259648289315
2023-10-02,0.008496401974586532,1.006580977711033,0.008552316606605263,0.000735191431453924,6.476540560460351,7.936440615299324e-05
2023-10-03,0.00803704765375532,1.0064240884905766,0.008088678359086025,0.000735191431453924,6.476540560460351,-0.013839395863449198
2023-10-04,0.009157313284962956,1.0064384366204542,0.009216272066161834,0.000735191431453924,6.476540560460351,0.008077047607828946
2023-10-05,0.009018776132478297,1.006451437760977,0.009076960205377165,0.000735191431453924,6.476540560460351,-0.0013048811469951228
2023-10-06,0.00854728242261201,1.0064954020866161,0.008602800458694741,0.000735191431453924,6.476540560460351,0.011745642093961117
2023-10-09,0.008950765187380198,1.0065288770916152,0.00900920363316451,0.000735191431453924,6.476540560460351,0.006284068119387409
2023-10-10,0.008674154982097115,1.0067181685758901,0.00873242941752024,0.000735191431453924,6.476540560460351,0.005194476099985354
2023-10-11,0.008345202826927734,1.0080942584988937,0.008412751055834585,0.000735191431453924,6.476540560460351,0.004283819500095073
2023-10-12,0.007990771011343892,1.010003466692728,0.008070706423005086,0.000735191431453924,6.476540560460351,-0.006266024940654918
2023-10-13,0.007952211011189404,1.0068728257217188,0.008006865171571642,0.000735191431453924,6.476540560460351,-0.005031495660219892
2023-10-16,0.00779572856533764,1.0076004530604847,0.007854979634370768,0.000735191431453924,6.476540560460351,0.010538642302589985
2023-10-17,0.00814239242032086,1.0076137717896168,0.008204386738030688,0.000735191431453924,6.476540560460351,-9.824987944376507e-05
2023-10-18,0.00771183710327168,1.0065959872479933,0.007762704282463462,0.000735191431453924,6.476540560460351,-0.013490408251151898
2023-10-19,0.008840052437377906,1.0064334840564377,0.00889692477379185,0.000735191431453924,6.476540560460351,-0.008519032328057976
2023-10-20,0.008956613771989202,1.006442180779441,0.009014313897079988,0.000735191431453924,6.476540560460351,-0.012665149196155915
2023-10-23,0.009670329938374344,1.0064475478752593,0.009732679853621565,0.000735191431453924,6.476540560460351,-0.0016869920654349177
2023-10-24,0.009160748251954853,1.0064575040654113,0.009219903821034062,0.000735191431453924,6.476540560460351,0.0072395235196288195
2023-10-25,0.008942937991145395,1.0064505023441481,0.00900062443362085,0.000735191431453924,6.476540560460351,-0.014443434657238052
2023-10-26,0.009975576263555563,1.0064439891381196,0.010039858768644399,0.000735191431453924,6.476540560460351,-0.011903081205584871
2023-10-27,0.010390864628549934,1.0064465786738186,0.01045785015486688,0.000735191431453924,6.476540560460351,-0.00481183857862075
2023-10-30,0.009980516758472146,1.0064519452482463,0.010044910506147014,0.000735191431453924,6.476540560460351,0.011938474300285915
2023-10-31,0.010191916077278824,1.0064648296026006,0.010257805078042439,0.000735191431453924,6.476540560460351,0.006454084821688244
2023-11-01,0.009808707560457212,1.0064864066323373,0.009872330826232019,0.0007314099818427977,6.531732453771886,0.010451194990191868
2023-11-02,0.009854000748111137,1.006562421405445,0.009918666853549812,0.0007314099818427977,6.531732453771886,0.018682938934086474
2023-11-03,0.011211340060825683,1.0067440347903878,0.01128694972824276,0.0007314099818427977,6.531732453771886,0.00934988354455146
2023-11-06,0.010974242081626237,1.0064671059521828,0.011045213667913018,0.0007314099818427977,6.531732453771886,0.0017514577241005862
2023-11-07,0.01033869062679158,1.0064490485135966,0.010405365344210825,0.0007314099818427977,6.531732453771886,0.0028360934017119537
2023-11-08,0.00976983837530032,1.006482825063568,0.009833174528386725,0.0007314099818427977,6.531732453771886,0.0010044110324198868
2023-11-09,0.009214593505279095,1.0066716758854035,0.009276070286562061,0.0007314099818427977,6.531732453771886,-0.008116690699068705
2023-11-10,0.009232306006359024,1.0077090594137934,0.009303478401888367,0.0007314099818427977,6.531732453771886,0.015495759270772258
2023-11-13,0.010128135958827778,1.0112300855301741,0.010241875791906645,0.0007314099818427977,6.531732453771886,-0.0008361884413700847
2023-11-14,0.009562326597912079,1.0099918652767848,0.009657872077011031,0.0007314099818427977,6.531732453771886,0.01889537047457725
2023-11-15,0.011030660406065445,1.0091650523664182,0.01113175698632321,0.0007314099818427977,6.531732453771886,0.0015957382078471765
2023-11-16,0.01038937051975054,1.0064425645731176,0.010456304710198077,0.0007314099818427977,6.531732453771886,0.0011897193967137305
2023-11-17,0.009790490851598931,1.0063993790855958,0.009853143913992371,0.0007314099818427977,6.531732453771886,0.0012812279371779871
2023-11-20,0.009235260071483838,1.0063860018174697,0.00929423645908514,0.0007314099818427977,6.531732453771886,0.007363103793795633
2023-11-21,0.009021072153795969,1.006415655181886,0.009078948242105636,0.0007314099818427977,6.531732453771886,-0.002022975931757968
2023-11-22,0.008574053964803003,1.006368108514299,0.008628654470858324,0.0007314099818427977,6.531732453771886,0.004052905094313324
2023-11-24,0.008188575449129357,1.0062957433455801,0.008240128618522994,0.0007314099818427977,6.531732453771886,0.0005966956096450322
2023-11-27,0.007749437870271592,1.0062760045754813,0.007798073377802825,0.0007314099818427977,6.531732453771886,-0.0019560693168983586
2023-11-28,0.00740332353837924,1.0063451685607885,0.00745029887414031,0.0007314099818427977,6.531732453771886,0.0009796385280502918
2023-11-29,0.007024647099151644,1.0063949415719573,0.007069569306914338,0.0007314099818427977,6.531732453771886,-0.0009466966151019382
2023-11-30,0.0067008409302789056,1.0064408053891893,0.006743999742654746,0.0007314099818427977,6.531732453771886,0.003776931264994605
2023-12-01,0.006449462990686728,1.0068523126782207,0.0064936567277055265,0.0007427057603950346,6.5098287418198355,0.005856558953846637
2023-12-04,0.006400394307312464,1.0111750388549487,0.006471918962383674,0.0007427057603950346,6.5098287418198355,-0.005423188063826943
2023-12-05,0.006470609531764556,1.0156015018275069,0.006571560758199465,0.0007427057603950346,6.5098287418198355,-0.0005690315939348026
2023-12-06,0.006181287438030869,1.015922666238122,0.006279710014828531,0.0007427057603950346,6.5098287418198355,-0.003913851944943747
2023-12-07,0.006120084942946825,1.0159230843429596,0.006217535571679445,0.0007427057603950346,6.5098287418198355,0.007936610684821922
2023-12-08,0.006362709047715512,1.0159115062798783,0.006463949332685276,0.0007427057603950346,6.5098287418198355,0.0040871341465037936
2023-12-11,0.006177220137014874,1.0159269530003063,0.0062756044318096555,0.0007427057603950346,6.5098287418198355,0.003916813547781492
2023-12-12,0.005999006958840539,1.0159267882850374,0.006094551872594459,0.0007427057603950346,6.5098287418198355,0.0045888127956924
2023-12-13,0.005888052198654796,1.0159308848352782,0.005981854080135672,0.0007427057603950346,6.5098287418198355,0.01355834517501981
2023-12-14,0.007200050843549994,1.0159278906646119,0.007314732466165705,0.0007427057603950346,6.5098287418198355,0.002643565185154432
2023-12-15,0.006867290399694418,1.0159245917744975,0.006976649195906477,0.0007427057603950346,6.5098287418198355,-7.625240044859478e-05
2023-12-18,0.006534970150112524,1.0159215722809354,0.006639017149711296,0.0007427057603950346,6.5098287418198355,0.004518122263400515
2023-12-19,0.0063621523417035555,1.0159259206678626,0.006463475475174382,0.0007427057603950346,6.5098287418198355,0.005849267450818904
2023-12-20,0.006322802646362825,1.0159267028242287,0.006423504045127692,0.0007427057603950346,6.5098287418198355,-0.014793147965305628
2023-12-21,0.008120283433706039,1.0159196286976866,0.008249555330890614,0.0007427057603950346,6.5098287418198355,0.010248769307271876
2023-12-22,0.008374019304366973,1.015901381135166,0.00850717777695895,0.0007427057603950346,6.5098287418198355,0.0016586821527610754
2023-12-26,0.007925039950826364,1.0158478240345463,0.00805063458943381,0.0007427057603950346,6.5098287418198355,0.004222761046978559
2023-12-27,0.007601952554253909,1.0158883192035444,0.007722734803006094,0.0007427057603950346,6.5098287418198355,0.0014294356164229985
2023-12-28,0.007209446371945502,1.0159031859775838,0.007324099538393968,0.0007427057603950346,6.5098287418198355,0.0003701061103271183
2023-12-29,0.006844854415577587,1.0159253775330161,0.0069538613063041925,0.0007427057603950346,6.5098287418198355,-0.0028304770367338357
2024-01-02,0.006627684453696846,1.0159319543726295,0.00673327642000933,0.0007507789308225545,6.501265245182074,-0.005676660799723162
2024-01-03,0.00669749317266544,1.0159270724565903,0.006804164631704001,0.0007507789308225545,6.501265245182074,-0.008048618327197648
2024-01-04,0.007076674519839013,1.0159278557055595,0.007189390770466218,0.0007507789308225545,6.501265245182074,-0.003434271663317429
2024-01-05,0.006879981218656948,1.0159303058563194,0.006989581423755886,0.0007507789308225545,6.501265245182074,0.0018240216394339805
2024-01-08,0.006552485977429559,1.0159290548320323,0.006656860885850158,0.0007507789308225545,6.501265245182074,0.014015945436353141
2024-01-09,0.0077735116150465175,1.0159340998741582,0.007897375525493596,0.0007507789308225545,6.501265245182074,-0.0014789938523175842
2024-01-10,0.007406463192971153,1.0159263691893017,0.007524421260169386,0.0007507789308225545,6.501265245182074,0.005649980650495912
2024-01-11,0.007232190646171175,1.0159329645235702,0.007347420883164316,0.0007507789308225545,6.501265245182074,-0.0006712808369611647
2024-01-12,0.0068840073219536635,1.01593575597024,0.006993709182733662,0.0007507789308225545,6.501265245182074,0.0007506937530339595
2024-01-16,0.0065454514886247005,1.0159346536116574,0.006649750990827842,0.0007507789308225545,6.501265245182074,-0.0037383190523568345
2024-01-17,0.0064284980513105135,1.015928953328975,0.0065308972967452455,0.0007507789308225545,6.501265245182074,-0.005632731271107821
2024-01-18,0.006520172512596107,1.0159333511911046,0.006624060711065888,0.0007507789308225545,6.501265245182074,0.008766720726243148
2024-01-19,0.006813273225117406,1.0159358940281487,0.0069218488252177,0.0007507789308225545,6.501265245182074,0.012238308232548512
2024-01-22,0.007622674856869727,1.0159322333023972,0.007744121091077694,0.0007507789308225545,6.501265245182074,0.0021919211872316853
2024-01-23,0.007243665092241315,1.0159327818818875,0.007359076828181438,0.0007507789308225545,6.501265245182074,0.002917115340764486
2024-01-24,0.006918157775705131,1.0159337490970624,0.007028389965917107,0.0007507789308225545,6.501265245182074,0.0008115989762168653
2024-01-25,0.006576909008140422,1.015933314553293,0.006681700968155509,0.0007507789308225545,6.501265245182074,0.00524657813497798
2024-01-26,0.006457093726022857,1.0159349039937602,0.006559986894625743,0.0007507789308225545,6.501265245182074,-0.0006519977554263648
2024-01-29,0.006172571433021841,1.0159309711787097,0.006270906490619838,0.0007507789308225545,6.501265245182074,0.007528365505246204
2024-01-30,0.006350162424009328,1.0159317055043229,0.0064513313416532615,0.0007507789308225545,6.501265245182074,-0.0006008303969786162
2024-01-31,0.006073332998031501,1.01592737971137,0.006170065278804741,0.0007507789308225545,6.501265245182074,-0.016236851740733683
2024-02-01,0.008294229163389568,1.015909587057664,0.00842618692434073,0.0007510924514889546,6.498512360014167,0.012416286114049784
2024-02-02,0.008839386371136758,1.015683940753341,0.008978022783277556,0.0007510924514889546,6.498512360014167,0.01062777072263312
2024-02-05,0.00903494638266405,1.0154944810561801,0.00917493818823384,0.0007510924514889546,6.498512360014167,-0.0031914247092839714
2024-02-06,0.008644536643753408,1.0156654987967997,0.008779957622145017,0.0007510924514889546,6.498512360014167,0.0023077459317481074
2024-02-07,0.008191007038901141,1.0157109848486632,0.00831969582638461,0.0007510924514889546,6.498512360014167,0.008207682594008628
2024-02-08,0.008177358190325284,1.0158693573635234,0.00830712760973709,0.0007510924514889546,6.498512360014167,0.000570420540090595
2024-02-09,0.007741014546019902,1.015849475334559,0.007863705565131508,0.0007510924514889546,6.498512360014167,0.0057259171287955156
2024-02-12,0.007539629579578834,1.0158504041584728,0.007659135755620335,0.0007510924514889546,6.498512360014167,-0.0009494041426524416
2024-02-13,0.007176158971577605,1.015686314553114,0.007288726458488923,0.0007510924514889546,6.498512360014167,-0.013768609419845444
2024-02-14,0.008489669053518601,1.0156988062825507,0.008622946723392755,0.0007510924514889546,6.498512360014167,0.009534168304216807
2024-02-15,0.00859341147475041,1.0156244935957135,0.008727679177302978,0.0007510924514889546,6.498512360014167,0.00580437267404004
2024-02-16,0.008314376826462591,1.015828403665507,0.008445980139098978,0.0007510924514889546,6.498512360014167,-0.0048150435759610425
2024-02-20,0.008103140331088181,1.0158583258176068,0.008231642570604368,0.0007510924514889546,6.498512360014167,-0.0060234264658172495
2024-02-21,0.008027256721709602,1.0158834552251146,0.008154757294429377,0.0007510924514889546,6.498512360014167,0.0012634014951035982
2024-02-22,0.00760408975972638,1.0158315167773921,0.007724474034334284,0.0007510924514889546,6.498512360014167,0.02090288866640342
2024-02-23,0.010066390861827592,1.0159067366231809,0.010226514290012678,0.0007510924514889546,6.498512360014167,0.000347887026502183
2024-02-26,0.009492357771246504,1.0150800443410917,0.009635502947338408,0.0007510924514889546,6.498512360014167,-0.003793939244668484
2024-02-27,0.009097643795311059,1.0153711488135961,0.009237485031941875,0.0007510924514889546,6.498512360014167,0.001704895538720964
2024-02-28,0.008599153550473675,1.0157326505611397,0.00873444102840486,0.0007510924514889546,6.498512360014167,-0.001659531321112244
2024-02-29,0.008174299140498888,1.015687804129154,0.008302535944308145,0.0007510924514889546,6.498512360014167,0.0052154704557999644
2024-03-01,0.007892956797176554,1.0158461276139827,0.008018029597836266,0.0007567537967632566,6.487161521931836,0.007975936433387976
2024-03-04,0.007889728746129384,1.0159149140802726,0.008015293101240691,0.0007567537967632566,6.487161521931836,-0.0011939745749630112
2024-03-05,0.0075072937566421595,1.015914972159176,0.007626772127769876,0.0007567537967632566,6.487161521931836,-0.010245406275917994
2024-03-06,0.008086059125800928,1.0159150113995072,0.00821474884896514,0.0007567537967632566,6.487161521931836,0.005127932853001643
2024-03-07,0.0078075097050892585,1.0159016089569093,0.007931661671346861,0.0007567537967632566,6.487161521931836,0.010251402284983627
2024-03-08,0.008103904932228371,1.0159129421471171,0.008232861902580659,0.0007567537967632566,6.487161521931836,-0.006549922992050337
2024-03-11,0.008084354643542615,1.0159068777163733,0.008212951484273243,0.0007567537967632566,6.487161521931836,-0.0011228682680281005
2024-03-12,0.007684348204005674,1.0159157645694843,0.007806650480890568,0.0007567537967632566,6.487161521931836,0.011139512586668012
2024-03-13,0.008132508100882814,1.015903658612761,0.008261844733384769,0.0007567537967632566,6.487161521931836,-0.0019263840021219723
2024-03-14,0.007757354722505865,1.0159058389356743,0.007880741957288936,0.0007567537967632566,6.487161521931836,-0.002875221051495188
2024-03-15,0.007461960879710838,1.015925709855173,0.007580797903631765,0.0007567537967632566,6.487161521931836,-0.0065040228597376655
2024-03-18,0.0075183119205567564,1.015921223330267,0.00763801264371055,0.0007567537967632566,6.487161521931836,0.006298184238480456
2024-03-19,0.00738930152873209,1.015911056972504,0.007506873126342758,0.0007567537967632566,6.487161521931836,0.00563325304434312
2024-03-20,0.007216618184481458,1.0159093373130088,0.007331429797437567,0.0007567537967632566,6.487161521931836,0.008864765516360184
2024-03-21,0.007412570286107229,1.0159322186866822,0.0075306689769358915,0.0007567537967632566,6.487161521931836,0.003231309094528888
2024-03-22,0.007088401250570322,1.0159318212642199,0.007201332392343481,0.0007567537967632566,6.487161521931836,-0.0014031718343267125
2024-03-25,0.006778815582583832,1.0159325378568465,0.0068868193184779295,0.0007567537967632566,6.487161521931836,-0.0030596403820319297
2024-03-26,0.006587116650551079,1.015934392600597,0.006692078353366889,0.0007567537967632566,6.487161521931836,-0.002803721982805726
2024-03-27,0.006396707007380127,1.0159333256859067,0.006498627823446035,0.0007567537967632566,6.487161521931836,0.008593595582706042
2024-03-28,0.006681936640274491,1.0159339796623659,0.006788406482805842,0.0007567537967632566,6.487161521931836,0.0011158627007616052
2024-04-01,0.006359340202322095,1.0159337938872104,0.0064606686183645455,0.0007603085475516463,6.515604307396013,-0.0020156145269577246
2024-04-02,0.006142616684650975,1.015927388324918,0.0062404525259185314,0.0007603085475516463,6.515604307396013,-0.007265388203672426
2024-04-03,0.006496441950919499,1.015923189698879,0.006599886028471745,0.0007603085475516463,6.515604307396013,0.001090527523337898
2024-04-04,0.0061934205008459305,1.0158358141574093,0.006291498356896016,0.0007603085475516463,6.515604307396013,-0.01241103561926225
2024-04-05,0.00747790376565669,1.0158380385488235,0.007596339093761553,0.0007603085475516463,6.515604307396013,0.011038050135699558
2024-04-08,0.00794411168190325,1.0159132903090704,0.008070528637345054,0.0007603085475516463,6.515604307396013,-0.0003747011900415767
2024-04-09,0.0075372813635065615,1.0159155136847702,0.007657241068193413,0.0007603085475516463,6.515604307396013,0.0014444494736345207
2024-04-10,0.007155083996043335,1.0159131383764242,0.00726894383776731,0.0007603085475516463,6.515604307396013,-0.009501981832212592
2024-04-11,0.007676798643966839,1.0159273436193648,0.007799069653865972,0.0007603085475516463,6.515604307396013,0.007417221983342437
2024-04-12,0.007638529420163684,1.0157695105999955,0.007758985290823333,0.0007603085475516463,6.515604307396013,-0.014657587802248536
2024-04-15,0.009009947843819968,1.0117588208328276,0.009115894206228568,0.0007603085475516463,6.515604307396013,-0.012094195787459195
2024-04-16,0.009613959921561195,1.0099224745711444,0.009709354194410888,0.0007603085475516463,6.515604307396013,-0.0020586245275039964
2024-04-17,0.009126537890074794,1.00804095034258,0.00919992392804856,0.0007603085475516463,6.515604307396013,-0.005797375076004185
2024-04-18,0.008917678286214393,1.0071580090569836,0.00898151110815438,0.0007603085475516463,6.515604307396013,-0.0022106017004853043
2024-04-19,0.008491088858784038,1.0065096144168224,0.008546362573233698,0.0007603085475516463,6.515604307396013,-0.008797129654056974
2024-04-22,0.008692245561532636,1.0065873964991943,0.008749504829514813,0.0007603085475516463,6.515604307396013,0.00869335115683908
2024-04-23,0.00866907970500419,1.0075121435954362,0.008734203076588462,0.0007603085475516463,6.515604307396013,0.01189356656772209
2024-04-24,0.009064551219970622,1.0105973634101009,0.009160611563398124,0.0007603085475516463,6.515604307396013,0.00021298737793290078
2024-04-25,0.008566359897568489,1.0128920928661078,0.008676798204892444,0.0007603085475516463,6.515604307396013,-0.0045869342701194095
2024-04-26,0.008312928734854895,1.0154247506565206,0.008441153587815456,0.0007603085475516463,6.515604307396013,0.010157381332325343
2024-04-29,0.008518572718722606,1.0158834879887322,0.008653877366181579,0.0007603085475516463,6.515604307396013,0.0031734080766393944
2024-04-30,0.008101919099840147,1.0158701484995225,0.008230497759085728,0.0007603085475516463,6.515604307396013,-0.015855551118928123
2024-05-01,0.009601828769764864,1.0158794095370334,0.00975430014110443,0.0007508358453675748,6.5633843611813445,-0.0034413534856316866
2024-05-02,0.009179274883205362,1.015824113419848,0.009324528770069167,0.0007508358453675748,6.5633843611813445,0.009087024725084856
2024-05-03,0.009141787276112869,1.0158731873494864,0.009286896578255759,0.0007508358453675748,6.5633843611813445,0.012478557659508005
2024-05-06,0.00954883566964432,1.0158943925508193,0.009700608612180911,0.0007508358453675748,6.5633843611813445,0.010273173691247842
2024-05-07,0.00960153103199734,1.0158358919429402,0.009753579839906837,0.0007508358453675748,6.5633843611813445,0.0013425282288256131
2024-05-08,0.009065101726047263,1.0157997359553415,0.00920832793972712,0.0007508358453675748,6.5633843611813445,-5.835635193424912e-06
2024-05-09,0.008569321273538955,1.0158861014494414,0.008705454380643251,0.0007508358453675748,6.5633843611813445,0.005078032639106711
2024-05-10,0.008244166771068203,1.0159165095046565,0.008375385129837883,0.0007508358453675748,6.5633843611813445,0.001648040080166728
2024-05-13,0.00781130123874724,1.0159134354715336,0.007935605876958754,0.0007508358453675748,6.5633843611813445,-0.00024133317386520824
2024-05-14,0.007412921866684713,1.0159152758616767,0.007530900563134056,0.0007508358453675748,6.5633843611813445,0.004826148527454041
2024-05-15,0.007178063848929609,1.015892731624066,0.007292142891261058,0.0007508358453675748,6.5633843611813445,0.01164782778729962
2024-05-16,0.0078003535275694424,1.0158991139660725,0.007924372237279924,0.0007508358453675748,6.5633843611813445,-0.0020838374740880464
2024-05-17,0.0074600524494156184,1.0157515041276222,0.007577559496364866,0.0007508358453675748,6.5633843611813445,0.0011640956878937513
2024-05-20,0.007082050611451143,1.015862338908605,0.007194388498417874,0.0007508358453675748,6.5633843611813445,0.0009159703084911664
2024-05-21,0.0067323044914651894,1.015922616801898,0.006839500396076487,0.0007508358453675748,6.5633843611813445,0.0024987497668926086
2024-05-22,0.006438773075010296,1.0159287233593373,0.006541334510095684,0.0007508358453675748,6.5633843611813445,-0.0027097912093521476
2024-05-23,0.006256843508335008,1.0159291342430758,0.006356509608517195,0.0007508358453675748,6.5633843611813445,-0.007408162283471933
2024-05-24,0.006611474788075265,1.0159347087367219,0.006716826713143424,0.0007508358453675748,6.5633843611813445,0.0069766490766732595
2024-05-28,0.006659833462232565,1.0159318787396845,0.006765937121379347,0.0007508358453675748,6.5633843611813445,0.00024877090688591537
2024-05-29,0.00634583490580429,1.015886712277404,0.00644664935911271,0.0007508358453675748,6.5633843611813445,-0.007394317215742535
2024-05-30,0.006683307404685883,1.0158750817521045,0.006789405456109717,0.0007508358453675748,6.5633843611813445,-0.005992957535754186
2024-05-31,0.006782348510786924,1.0159268615404244,0.006890370036437131,0.0007508358453675748,6.5633843611813445,0.007995824231928897
2024-06-03,0.006924625156784659,1.015933243411791,0.00703495689494312,0.0007559923806130842,6.578476370702601,0.0011154602235352391
2024-06-04,0.006588176759676237,1.01593504196555,0.006693159632818139,0.0007559923806130842,6.578476370702601,0.0015016810037827531
2024-06-05,0.006282832585717807,1.0159347778819163,0.006382948127440486,0.0007559923806130842,6.578476370702601,0.011778015849957281
2024-06-06,0.007113280422371721,1.01593525453833,0.007226632356504734,0.0007559923806130842,6.578476370702601,-0.00019983660163685183
2024-06-07,0.006768887917596598,1.0159355011255198,0.006876753538625976,0.0007559923806130842,6.578476370702601,-0.0011158420502790662
2024-06-10,0.006476335987656854,1.0159354179333067,0.00657953910829668,0.0007559923806130842,6.578476370702601,0.002577529978240972
2024-06-11,0.006207017867081631,1.015934909046986,0.006305926132246594,0.0007559923806130842,6.578476370702601,0.0027067148552095224
2024-06-12,0.00596609704756674,1.0159361661931927,0.0060611737616414795,0.0007559923806130842,6.578476370702601,0.008467720241887338
2024-06-13,0.006303264871445728,1.015937443271253,0.0064037227977580755,0.0007559923806130842,6.578476370702601,0.00234191143711672
2024-06-14,0.00604097529358077,1.0159362087799408,0.006137245537093737,0.0007559923806130842,6.578476370702601,-0.00039393828099749413
2024-06-17,0.005789145942695472,1.0159347158904455,0.005881394338540649,0.0007559923806130842,6.578476370702601,0.007635164372320518
2024-06-18,0.006037070635771713,1.01593559760554,0.006133274964139593,0.0007559923806130842,6.578476370702601,0.0025181541815171163
2024-06-20,0.0058041077419820385,1.015933308910373,0.005896586383584126,0.0007559923806130842,6.578476370702601,-0.0025291273954115403
2024-06-21,0.005674307313687383,1.0159328883294492,0.005764715418463341,0.0007559923806130842,6.578476370702601,-0.0015633517188252497
2024-06-24,0.005499180596950023,1.0159291745479506,0.005586778004549543,0.0007559923806130842,6.578476370702601,-0.0030698791558664423
2024-06-25,0.005444492550868747,1.0159336767976688,0.005531243335501605,0.0007559923806130842,6.578476370702601,0.003925873679181344
2024-06-26,0.005344677845860545,1.01593460800661,0.005429843192255946,0.0007559923806130842,6.578476370702601,0.0015711962247204525
2024-06-27,0.005147053326480939,1.0159329809461892,0.00522906122906078,0.0007559923806130842,6.578476370702601,0.0009069098567990731
2024-06-28,0.004959741824829452,1.0159295093662863,0.005038748078682436,0.0007559923806130842,6.578476370702601,-0.0040920134623695995
2024-07-01,0.005060714695337514,1.0159330664625166,0.005141347398926161,0.0007629012619915076,6.554530231342036,0.0026719909814295235
2024-07-02,0.004923615343005556,1.0159324483628631,0.005002060590216593,0.0007629012619915076,6.554530231342036,0.0061762057711850496
2024-07-03,0.005112164556714883,1.0159289054301213,0.005193595742482012,0.0007629012619915076,6.554530231342036,0.0050715622695336636
2024-07-05,0.00514761263011052,1.015930852275646,0.005229618486493061,0.0007629012619915076,6.554530231342036,0.00543397436096954
2024-07-08,0.005216181917091456,1.0159312688439366,0.0052992823135515205,0.0007629012619915076,6.554530231342036,0.0010161824764044329
2024-07-09,0.005020970948544732,1.015929167531211,0.005100950835953444,0.0007629012619915076,6.554530231342036,0.0007407974780654752
2024-07-10,0.004842725219956128,1.0159068698717844,0.004919757819854778,0.0007629012619915076,6.554530231342036,0.010156314878105886
2024-07-11,0.0057045635442445385,1.0159221358946466,0.005795392380215647,0.0007629012619915076,6.554530231342036,-0.008801649969266724
2024-07-12,0.006394943475627342,1.0159343205018148,0.006496842554558978,0.0007629012619915076,6.554530231342036,0.00550186402496512
2024-07-15,0.006316393998480229,1.0159313295362213,0.006417022552750628,0.0007629012619915076,6.554530231342036,0.0028222164233526843
2024-07-16,0.0060685711841341125,1.0159252276624928,0.006165214561827492,0.0007629012619915076,6.554530231342036,0.0063690499714532745
2024-07-17,0.006116739398395169,1.015923659952576,0.006214140276593738,0.0007629012619915076,6.554530231342036,-0.014025441523645543
2024-07-18,0.00777748899559695,1.0158603456352424,0.007900842659241413,0.0007629012619915076,6.554530231342036,-0.007847112145350072
2024-07-19,0.007955222469061675,1.0158541460883868,0.008081345728251796,0.0007629012619915076,6.554530231342036,-0.007165879226406085
2024-07-22,0.008023562445127842,1.0159128557825439,0.008151240237179396,0.0007629012619915076,6.554530231342036,0.010734217246220293
2024-07-23,0.008350975789400531,1.0159172244974581,0.008483900145813256,0.0007629012619915076,6.554530231342036,-0.0015593176939461904
2024-07-24,0.00794394390631942,1.015495046930637,0.008067035689962188,0.0007629012619915076,6.554530231342036,-0.02342124222289286
2024-07-25,0.011274252649237617,1.0142490568471536,0.011434900116145777,0.0007629012619915076,6.554530231342036,-0.005155889019717259
2024-07-26,0.010813415256495396,1.0090333850199429,0.010911096999887843,0.0007629012619915076,6.554530231342036,0.011029420409570924
2024-07-29,0.010793124524668551,1.007212068201963,0.01087096527485274,0.0007629012619915076,6.554530231342036,0.0008129795718284517
2024-07-30,0.010169055280669638,1.0065790682477502,0.010235958189376308,0.0007629012619915076,6.554530231342036,-0.0049725143613676215
2024-07-31,0.00979353840112145,1.0065894069636359,0.009858072011260434,0.0007629012619915076,6.554530231342036,0.015669980701917767
2024-08-01,0.010611207265589936,1.0064943805601205,0.010680120483774994,0.0007686932873409759,6.571625299933818,-0.013788123791990166
2024-08-02,0.01120923075812342,1.0064411621741771,0.011281431231284268,0.0007686932873409759,6.571625299933818,-0.01855290660855327
2024-08-05,0.012516615054080355,0.9927212375129346,0.012425509585959676,0.0007686932873409759,6.571625299933818,-0.0304270413923931
2024-08-06,0.01602021547720626,0.9929191219553607,0.01590677828516332,0.0007686932873409759,6.571625299933818,0.010300849493599515
2024-08-07,0.015393570911844344,0.9931732041820653,0.015288482146320285,0.0007686932873409759,6.571625299933818,-0.007764715388769489
2024-08-08,0.01474958396754656,0.9960703302771562,0.01469162297400475,0.0007686932873409759,6.571625299933818,0.02278113959089888
2024-08-09,0.01582939237029008,1.003019493045416,0.01587718911046533,0.0007686932873409759,6.571625299933818,0.004660798434381699
2024-08-12,0.01491477708161039,1.0054161949712808,0.01499555842223758,0.0007686932873409759,6.571625299933818,4.30330517200971e-05
2024-08-13,0.01400272663841884,1.0061101403034542,0.014088285262810496,0.0007686932873409759,6.571625299933818,0.016707233419049988
2024-08-14,0.014275533543117964,1.0062912888313815,0.014365345047859794,0.0007686932873409759,6.571625299933818,0.00381643656119841
2024-08-15,0.013446819591699409,1.0062311001237012,0.013530608070920635,0.0007686932873409759,6.571625299933818,0.01600448993130413
2024-08-16,0.013703338572753361,1.0063016413948007,0.013789692098350393,0.0007686932873409759,6.571625299933818,0.0019878023683961516
2024-08-19,0.012878837143216275,1.0062697442437487,0.012959584158261131,0.0007686932873409759,6.571625299933818,0.009675327436177775
2024-08-20,0.012495786402921594,1.0064042714822115,0.01257581281142963,0.0007686932873409759,6.571625299933818,-0.001986527237609709
2024-08-21,0.0117868583088909,1.0064207865124877,0.01186253920974523,0.0007686932873409759,6.571625299933818,0.004230714721006796
2024-08-22,0.01115366953588729,1.0064420950046995,0.011225522534688498,0.0007686932873409759,6.571625299933818,-0.00897294225665722
2024-08-23,0.011034784356762042,1.0064422349217534,0.011105873029899193,0.0007686932873409759,6.571625299933818,0.01141793740166443
2024-08-26,0.011032060556934278,1.0064461512991976,0.011103174888426185,0.0007686932873409759,6.571625299933818,-0.0031587101696058145
2024-08-27,0.010476389572214799,1.0064403484167375,0.010543861171209338,0.0007686932873409759,6.571625299933818,0.0015939251127232035
2024-08-28,0.009874665392549813,1.006459195006981,0.009938447781948979,0.0007686932873409759,6.571625299933818,-0.005993900794735212
2024-08-29,0.009605603240992076,1.006482195707061,0.009667868641084567,0.0007686932873409759,6.571625299933818,-3.937984343658622e-05
2024-08-30,0.009066857875203265,1.00644716100218,0.009125313367708584,0.0007686932873409759,6.571625299933818,0.010042457079144168
2024-09-03,0.009130649483413234,1.0064011698501767,0.00918909632159899,0.0007713200831047888,6.5848434760163626,-0.021377963372397696
2024-09-04,0.011592264755697081,1.0064100568526715,0.011666571831832319,0.0007713200831047888,6.5848434760163626,-0.0016038290273809634
2024-09-05,0.010932594910245166,1.006418970738308,0.011002770917067804,0.0007713200831047888,6.5848434760163626,-0.003022581014674196
2024-09-06,0.01037368729903617,1.0064406129015147,0.01044050020329062,0.0007713200831047888,6.5848434760163626,-0.017410944507424406
2024-09-09,0.011660002966824208,1.0064500606158975,0.01173521069274177,0.0007713200831047888,6.5848434760163626,0.011513534435818254
2024-09-10,0.01159077776555786,1.006446541695221,0.01166549819770357,0.0007713200831047888,6.5848434760163626,0.004462699977793541
2024-09-11,0.010975879957018288,1.006447370383362,0.011046645520384505,0.0007713200831047888,6.5848434760163626,0.01060855564984334
2024-09-12,0.010887416429769987,1.0064493921141524,0.01095763364743564,0.0007713200831047888,6.5848434760163626,0.00746735215680267
2024-09-13,0.010511066226082874,1.0064532230520775,0.010578896480954945,0.0007713200831047888,6.5848434760163626,0.0053931422343560355
2024-09-16,0.01002849103877984,1.0064587001631078,0.010093262055487731,0.0007713200831047888,6.5848434760163626,0.0012558408673102855
2024-09-17,0.009451083268533554,1.0064696576066126,0.00951222854129255,0.0007713200831047888,6.5848434760163626,0.00026451509389645083
2024-09-18,0.008916266104587327,1.00647048856661,0.008973958702473913,0.0007713200831047888,6.5848434760163626,-0.0029006587083132912
2024-09-19,0.008516985395224965,1.0065936301210214,0.00857314324666722,0.0007713200831047888,6.5848434760163626,0.016834356892725128
2024-09-20,0.009819482931634893,1.0069261955372109,0.009887494590493701,0.0007713200831047888,6.5848434760163626,-0.0019429136300157343
2024-09-23,0.009304456852174793,1.0070892196058272,0.009370418190112804,0.0007713200831047888,6.5848434760163626,0.0028053344257131223
2024-09-24,0.008807544692160362,1.008109398484874,0.008878968581742428,0.0007713200831047888,6.5848434760163626,0.002508031103345345
2024-09-25,0.00834104737638381,1.0117457160352161,0.0084390189503031,0.0007713200831047888,6.5848434760163626,-0.001862983206212128
2024-09-26,0.007941364439453959,1.0146592738374778,0.008057779075415123,0.0007713200831047888,6.5848434760163626,0.004030542158199222
2024-09-27,0.0076046948329047785,1.0143278363072248,0.007713653655637036,0.0007713200831047888,6.5848434760163626,-0.0012540029000721238
2024-09-30,0.007242934706366094,1.0148768998505395,0.007350687120616699,0.0007713200831047888,6.5848434760163626,0.004227603658441509
2024-10-01,0.0069820938893756625,1.0066017666735356,0.007028188044126039,0.000774439165637783,6.556849661076457,-0.009367848694454447
2024-10-02,0.00752398600950441,1.006434708673913,0.007572400667542167,0.000774439165637783,6.556849661076457,0.00013838132698647728
2024-10-03,0.007137812828217618,1.0064263251129288,0.007183682734046979,0.000774439165637783,6.556849661076457,-0.0016828286544586894
2024-10-04,0.0068330098246279425,1.006406175940724,0.006876783287769204,0.000774439165637783,6.556849661076457,0.008930255699186382
2024-10-07,0.007096863758180638,1.0062529896163144,0.00714124037356894,0.000774439165637783,6.556849661076457,-0.009632263829388773
2024-10-08,0.00766072651282326,1.0063314900226057,0.0077092303263051115,0.000774439165637783,6.556849661076457,0.009642706804694385
2024-10-09,0.007895010508388851,1.0064046288128503,0.007945575120168634,0.000774439165637783,6.556849661076457,0.007088231016994585
2024-10-10,0.007795688957888026,1.0064258538430164,0.007845782915737032,0.000774439165637783,6.556849661076457,-0.0020722685059824846
2024-10-11,0.007451640287930915,1.006431606906218,0.007499566309069424,0.000774439165637783,6.556849661076457,0.00603360870729872
2024-10-14,0.007303065363453142,1.006431384986834,0.007350034188389522,0.000774439165637783,6.556849661076457,0.007678114574594323
2024-10-15,0.00733930633403777,1.006422546243026,0.007386443368359862,0.000774439165637783,6.556849661076457,-0.0076385660375134215
2024-10-16,0.007560178022053771,1.0064306938563048,0.0076087952124127625,0.000774439165637783,6.556849661076457,0.004668232782779766
2024-10-17,0.007295896150909178,1.0064437706005114,0.00734290923203079,0.000774439165637783,6.556849661076457,-0.00017117512853816633
2024-10-18,0.006932146761470842,1.006447695362015,0.006976843131993584,0.000774439165637783,6.556849661076457,0.003963686942774387
2024-10-21,0.006683339747821895,1.0064428851239062,0.006726399738061148,0.000774439165637783,6.556849661076457,-0.001824432756419033
2024-10-22,0.00642565976176148,1.0064418134077995,0.006467052662968752,0.000774439165637783,6.556849661076457,-0.0004749666671957937
2024-10-23,0.006140233194192038,1.0064302528874114,0.00617971644641837,0.000774439165637783,6.556849661076457,-0.009233824267679564
2024-10-24,0.006828421922232939,1.0064247636367072,0.006872292919094995,0.000774439165637783,6.556849661076457,0.0021434731305568283
2024-10-25,0.006511927059320467,1.006426063965403,0.006553773119141699,0.000774439165637783,6.556849661076457,-0.00029949201318627087
2024-10-28,0.006215128139634853,1.0064256845576143,0.006255064592545298,0.000774439165637783,6.556849661076457,0.002647934626732945
2024-10-29,0.005967867951786574,1.0064211628570006,0.00600618860381407,0.000774439165637783,6.556849661076457,0.0016128259449012198
2024-10-30,0.005713144623716998,1.0063924436349556,0.0057496655787024585,0.000774439165637783,6.556849661076457,-0.0033056916724881185
2024-10-31,0.005655979789178776,1.0060735326814791,0.005690331567274139,0.000774439165637783,6.556849661076457,-0.018790134928745348
2024-11-01,0.008718546168324659,1.006147594963913,0.008772144258841694,0.00076981633261891,6.538721394849079,0.004084158004525459
2024-11-04,0.008320742518248155,1.0064237669259324,0.008374193028836078,0.00076981633261891,6.538721394849079,-0.0028160448131902913
2024-11-05,0.007970919509166898,1.0064446969246035,0.008022289669613887,0.00076981633261891,6.538721394849079,0.012191031029563081
2024-11-06,0.008535340801554403,1.0065649906108143,0.008591375233776708,0.00076981633261891,6.538721394849079,0.024981280957186654
2024-11-07,0.011680057773022421,1.0069718121782585,0.011761488942047142,0.00076981633261891,6.538721394849079,0.007403754173995657
2024-11-08,0.011228312826501637,1.0064315131754862,0.011300527868383762,0.00076981633261891,6.538721394849079,0.0037497940357180464
2024-11-11,0.010618558303739206,1.0064365946241902,0.010686905659033704,0.00076981633261891,6.538721394849079,0.0009685941909569238
2024-11-12,0.01000151674528853,1.006445084564483,0.010065977366485008,0.00076981633261891,6.538721394849079,-0.0028968514769364996
2024-11-13,0.009514986716336188,1.0064823909361034,0.009576666579983309,0.00076981633261891,6.538721394849079,0.00023220076414018386
2024-11-14,0.008979543685836398,1.0067185234663707,0.00903987296080699,0.00076981633261891,6.538721394849079,-0.006068108582244
2024-11-15,0.00881045989271857,1.0077784913771413,0.00887899197902273,0.00076981633261891,6.538721394849079,-0.013291430866793769
2024-11-18,0.00966192699868934,1.0117103427776035,0.009775071475736174,0.00076981633261891,6.538721394849079,0.003910159746206537
2024-11-19,0.009179343927158516,1.0123467362908376,0.009292678865950045,0.00076981633261891,6.538721394849079,0.003955750520596487
2024-11-20,0.008737552503708884,1.0112072543351651,0.00883547647688481,0.00076981633261891,6.538721394849079,2.19506213354446e-05
2024-11-21,0.008261778466582189,1.011147782113278,0.008353878972795818,0.00076981633261891,6.538721394849079,0.005326251844288491
2024-11-22,0.007977571653342258,1.0145560772619624,0.008093693802691149,0.00076981633261891,6.538721394849079,0.0034619595915364653
2024-11-25,0.007613311709241619,1.0157854619846078,0.007733491351804822,0.00076981633261891,6.538721394849079,0.0030159278201245415
2024-11-26,0.007261454633293703,1.0159112305277551,0.0073769933119308745,0.00076981633261891,6.538721394849079,0.005705697155263866
2024-11-27,0.007106442218890025,1.0159220755908482,0.007219591529081188,0.00076981633261891,6.538721394849079,-0.003808481083577712
2024-11-29,0.006938319610557417,1.0158625928490916,0.007048379349596558,0.00076981633261891,6.538721394849079,0.005592120396801623
2024-12-02,0.0068065389323639595,1.0158787870998476,0.006914618514957791,0.0007766742232070996,6.506921017810524,0.0024454638805813736
2024-12-03,0.00650247113729694,1.0158628961721163,0.006605619161810065,0.0007766742232070996,6.506921017810524,0.0004513472420221813
2024-12-04,0.006198224473429178,1.0158929534351921,0.006296732566366256,0.0007766742232070996,6.506921017810524,0.00603318162813612
2024-12-05,0.006195614099314219,1.0159325188381716,0.006294325837665584,0.0007766742232070996,6.506921017810524,-0.0018715258393823342
2024-12-06,0.005987548046730549,1.0159366217146264,0.006082969334949444,0.0007766742232070996,6.506921017810524,0.0024923453675383123
2024-12-09,0.005756695636314582,1.0159317739875442,0.005848410010107428,0.0007766742232070996,6.506921017810524,-0.006163167285227462
2024-12-10,0.006022151252251026,1.015931237752309,0.006118091575631004,0.0007766742232070996,6.506921017810524,-0.002968284314279252
2024-12-11,0.005903397498071233,1.0159344160707513,0.005997464690036532,0.0007766742232070996,6.506921017810524,0.008132626411368235
2024-12-12,0.006203641777873679,1.0159331905415334,0.006302485584371957,0.0007766742232070996,6.506921017810524,-0.005428731461463251
2024-12-13,0.006306080172937639,1.0159334865678669,0.006406558016669033,0.0007766742232070996,6.506921017810524,-2.646698937187397e-05
2024-12-16,0.00602362613570666,1.0158995839982905,0.006119399285425626,0.0007766742232070996,6.506921017810524,0.0037921550087844295
2024-12-17,0.005853723599920229,1.0157508909686268,0.00594592496210305,0.0007766742232070996,6.506921017810524,-0.0038714794806554956
2024-12-18,0.00583290427295588,0.9946542463629755,0.005801723003724311,0.0007766742232070996,6.506921017810524,-0.02993650530451818
2024-12-19,0.012077443565180878,0.9941554872173644,0.012006856791882618,0.0007766742232070996,6.506921017810524,-0.0008654867505367934
2024-12-20,0.011371129171825128,1.0037887267198657,0.011414211272753466,0.0007766742232070996,6.506921017810524,0.010810479402397299
2024-12-23,0.011257580943385699,1.0063432257993328,0.01132899032126386,0.0007766742232070996,6.506921017810524,0.007260849585616372
2024-12-24,0.010833200078817082,1.0064203988096796,0.01090275354370814,0.0007766742232070996,6.506921017810524,0.010982233165126825
2024-12-26,0.010803330040825216,1.006446449371565,0.010872973160977704,0.0007766742232070996,6.506921017810524,-0.0004057410882578191
2024-12-27,0.010181080835805757,1.0064606380086665,0.01024685711362287,0.0007766742232070996,6.506921017810524,-0.01111730496491221
2024-12-30,0.010453040834507921,1.006475654155646,0.01052073111182704,0.0007766742232070996,6.506921017810524,-0.010759673941729728
2024-12-31,0.010637387430011998,1.0064662329489358,0.010706171255102537,0.0007766742232070996,6.506921017810524,-0.0042940064589823065
2025-01-02,0.010180010225462714,1.0064562731219975,0.010245735151863028,0.0007734043441717565,6.426668202626897,-0.002226363149448992
2025-01-03,0.009652885690265001,1.006483303253161,0.009715468275463088,0.0007734043441717565,6.426668202626897,0.01251735670782609
2025-01-06,0.0099843712574638,1.0066306884102756,0.010050574512244555,0.0007734043441717565,6.426668202626897,0.005522766496818171
2025-01-07,0.009558970539691266,1.006530183000706,0.009621392366613808,0.0007734043441717565,6.426668202626897,-0.011166021516637011
2025-01-08,0.009933360415997057,1.006539338334668,0.00999831802055746,0.0007734043441717565,6.426668202626897,0.0015591440938312422
2025-01-10,0.00937131020324081,1.0064556910233016,0.009431808486396447,0.0007734043441717565,6.426668202626897,-0.015531637650233373
2025-01-13,0.010513604337766486,1.0064497233046519,0.010581414176679668,0.0007734043441717565,6.426668202626897,0.0015742043780551176
2025-01-14,0.009909663618374103,1.0064520883853243,0.009973601643908685,0.0007734043441717565,6.426668202626897,0.001145623334164268
2025-01-15,0.009346231290389452,1.006512212121627,0.009407095931090256,0.0007734043441717565,6.426668202626897,0.018147132504516373
2025-01-16,0.01070025163118979,1.0066797137183494,0.01077172624880044,0.0007734043441717565,6.426668202626897,-0.0021149243408667613
2025-01-17,0.010129150412551621,1.0065522959563913,0.010195519603841463,0.0007734043441717565,6.426668202626897,0.009941478308394033
2025-01-21,0.010069150306618098,1.006511550430977,0.01013471608663673,0.0007734043441717565,6.426668202626897,0.00873000944059605
2025-01-22,0.009889835923637551,1.006475899579808,0.009953881507939806,0.0007734043441717565,6.426668202626897,0.006119181086994129
2025-01-23,0.009511133070449767,1.0064933996144576,0.00957289265826248,0.0007734043441717565,6.426668202626897,0.005299419459529372
2025-01-24,0.009113332256414806,1.0066689858238473,0.009174108940040848,0.0007734043441717565,6.426668202626897,-0.002859215984467759
2025-01-27,0.008699866230470994,1.0066537176672652,0.008757752684111521,0.0007734043441717565,6.426668202626897,-0.014688059032112328
2025-01-28,0.009832055990848309,1.007394492659764,0.009904759056703025,0.0007734043441717565,6.426668202626897,0.009175644177716802
2025-01-29,0.009724555780302043,1.0073561508380366,0.009796091079454845,0.0007734043441717565,6.426668202626897,-0.004689876056919602
2025-01-30,0.009369117157324162,1.0071707335343962,0.009436300599911874,0.0007734043441717565,6.426668202626897,0.005261548152180238
2025-01-31,0.008981434900008987,1.0070535299155987,0.009044785719761203,0.0007734043441717565,6.426668202626897,-0.005059603990267195
2025-02-03,0.008724172424227555,1.0065041049147618,0.008780915356969203,0.0007746549195678326,6.4436383320625925,-0.007637690729495203
2025-02-04,0.008751892266445224,1.0065484310354331,0.00880920342938158,0.0007746549195678326,6.4436383320625925,0.007198907403029114
2025-02-05,0.008570503457629462,1.007126582401985,0.008631581856746756,0.0007746549195678326,6.4436383320625925,0.003901053915613614
2025-02-06,0.008179008592109913,1.0085076566583682,0.008248592789017427,0.0007746549195678326,6.4436383320625925,0.003637674355266266
2025-02-07,0.007808158728885687,1.0105344947067882,0.007890413735684896,0.0007746549195678326,6.4436383320625925,-0.0095098456936602
2025-02-10,0.00822043054912404,1.0114120285217583,0.008314242337011777,0.0007746549195678326,6.4436383320625925,0.006690112295455172
2025-02-11,0.008049923129578454,1.0115733885206193,0.008143088017518185,0.0007746549195678326,6.4436383320625925,0.00033952514367385523
2025-02-12,0.007626668271820816,1.012982525280837,0.007725681685468288,0.0007746549195678326,6.4436383320625925,-0.0027275831896475754
2025-02-13,0.007336197723626882,1.0154872568327944,0.007449815301948853,0.0007746549195678326,6.4436383320625925,0.010372313214235747
2025-02-14,0.007724632608030693,1.0158761664372684,0.00784727016098254,0.0007746549195678326,6.4436383320625925,-7.19463955744955e-05
2025-02-18,0.007330728417042523,1.0158980409186762,0.007447272637380367,0.0007746549195678326,6.4436383320625925,0.002442003655551809
2025-02-19,0.006985667231496335,1.015914801669581,0.00709684274001529,0.0007746549195678326,6.4436383320625925,0.0023741488668242434
2025-02-20,0.006667074466451512,1.0159121290247417,0.00677316181557925,0.0007746549195678326,6.4436383320625925,-0.004343604884290259
2025-02-21,0.0065955577936350354,1.0144688557354031,0.006690987967845654,0.0007746549195678326,6.4436383320625925,-0.017211396672539132
2025-02-24,0.008866443225199035,1.007850047655115,0.008936045227048219,0.0007746549195678326,6.4436383320625925,-0.004981493566252351
2025-02-25,0.008616018156758441,1.0065929709439723,0.008672823314118687,0.0007746549195678326,6.4436383320625925,-0.004690715138395557
2025-02-26,0.008367209801358376,1.00647906938856,0.008421421534250016,0.0007746549195678326,6.4436383320625925,0.00013601502958346571
2025-02-27,0.007921531627877452,1.0064402889775534,0.007972548580705813,0.0007746549195678326,6.4436383320625925,-0.015991742678524653
2025-02-28,0.009504418688547966,1.006445606749587,0.009565680433797772,0.0007746549195678326,6.4436383320625925,0.015729780420663385
2025-03-03,0.010368816690302636,1.0064395867373548,0.010435587584743571,0.0007716724968756777,6.442899019746878,-0.017753402648308866
2025-03-04,0.011704099543803964,1.0064391747554946,0.011779464286122223,0.0007716724968756777,6.442899019746878,-0.012310288231505477
2025-03-05,0.011916315543533236,1.0064486457236526,0.011993159640804735,0.0007716724968756777,6.442899019746878,0.011097472528735688
2025-03-06,0.011772524290011797,1.006430098250002,0.011848222777847108,0.0007716724968756777,6.442899019746878,-0.017979677107455568
2025-03-07,0.012853203079866824,1.0064403888336095,0.012935982705458513,0.0007716724968756777,6.442899019746878,0.005505435045454467
2025-03-10,0.012195451492988382,1.006322103094176,0.012272552394607077,0.0007716724968756777,6.442899019746878,-0.027343541788428148
2025-03-11,0.015069404489723165,1.0062972679293734,0.015164300567331052,0.0007716724968756777,6.442899019746878,-0.007596646918536578
2025-03-12,0.014444313753075453,1.006363506074263,0.01453623023138171,0.0007716724968756777,6.442899019746878,0.004874967940490777
2025-03-13,0.013640648293712292,1.0063617117957668,0.013727426166864308,0.0007716724968756777,6.442899019746878,-0.013988366806464148
2025-03-14,0.013805663968278748,1.0064037090941775,0.013894071424183575,0.0007716724968756777,6.442899019746878,0.02104290595319694
2025-03-17,0.014760795582865525,1.0064050037863495,0.01485533853446331,0.0007716724968756777,6.442899019746878,0.0063956349746060355
2025-03-18,0.013997967441414929,1.0063554038109621,0.014086930177037821,0.0007716724968756777,6.442899019746878,-0.010710667074319702
2025-03-19,0.013742241837257994,1.0063649975521338,0.013829711172912972,0.0007716724968756777,6.442899019746878,0.010740608172953766
2025-03-20,0.01336859721137329,1.0063813510033595,0.013453906922601596,0.0007716724968756777,6.442899019746878,-0.002187283513782985
2025-03-21,0.012605842200432569,1.0064191230262318,0.012686760652366411,0.0007716724968756777,6.442899019746878,0.0008243136078323211
2025-03-24,0.011853740047592806,1.0064319732551565,0.011929982986552502,0.0007716724968756777,6.442899019746878,0.01749211712863917
2025-03-25,0.01257704685884677,1.0064405539933292,0.012658050008217804,0.0007716724968756777,6.442899019746878,0.0015730954906538206
2025-03-26,0.011830206174465523,1.0064381610186768,0.011906370946700877,0.0007716724968756777,6.442899019746878,-0.011219640357598032
2025-03-27,0.011886658718086631,1.0064480878342494,0.011963304937556601,0.0007716724968756777,6.442899019746878,-0.0033124610071321114
2025-03-28,0.011274309234778545,1.006439790012986,0.011346913418791987,0.0007716724968756777,6.442899019746878,-0.019934601126853548
2025-03-31,0.012824727743589712,1.0064467147485414,0.01290740510508034,0.0007716724968756777,6.442899019746878,0.005523240357645722
2025-04-01,0.01217414493122025,1.0064474223694417,0.012252636785578625,0.0007680027774447022,6.475929334137239,0.0037741045552120668
2025-04-02,0.011496505272680955,1.0064491130782773,0.011570647535189486,0.0007680027774447022,6.475929334137239,0.006705661429484109
2025-04-03,0.01101479624170989,1.0055400197765532,0.011075818430723666,0.0007680027774447022,6.475929334137239,-0.04960591182899663
2025-04-04,0.020391030906473845,0.9927197015999581,0.020242578116790238,0.0007680027774447022,6.475929334137239,-0.061609061898230934
2025-04-07,0.028943574971908425,0.9927197015995319,0.028732857109336613,0.0007680027774447022,6.475929334137239,-0.0023341946059635883
2025-04-08,0.027116348641128645,0.992719701599528,0.026918933531489997,0.0007680027774447022,6.475929334137239,-0.015825083277054855
2025-04-09,0.02603810438396128,0.9927197016015628,0.025848539214316384,0.0007680027774447022,6.475929334137239,0.09089487983303646
2025-04-10,0.03976302972190329,0.9927197015996252,0.03947354300022486,0.0007680027774447022,6.475929334137239,-0.03522060702411168
2025-04-11,0.039263262203125655,0.992719701599528,0.03897741393811093,0.0007680027774447022,6.475929334137239,0.01793038083577807
2025-04-14,0.03722249714329282,0.992719701599528,0.03695150625687894,0.0007680027774447022,6.475929334137239,0.007913319326342991
2025-04-15,0.03492021294702937,0.992719701599528,0.03466598337656697,0.0007680027774447022,6.475929334137239,-0.001729275225300909
2025-04-16,0.03269116041517508,0.992719701599528,0.03245315901229491,0.0007680027774447022,6.475929334137239,-0.022663253964902527
2025-04-17,0.031667555977533464,0.9927197015995283,0.03143700672040338,0.0007680027774447022,6.475929334137239,0.0013259586237727749
2025-04-21,0.02964059578702329,0.9927197015995284,0.029424803404926,0.0007680027774447022,6.475929334137239,-0.02384964833401801
2025-04-22,0.029042309510484775,0.9927197015996085,0.02883087283101192,0.0007680027774447022,6.475929334137239,0.02480695212545062
2025-04-23,0.02844870650392885,0.9927197015997359,0.028241591431478714,0.0007680027774447022,6.475929334137239,0.016523864366879457
2025-04-24,0.027192682442550097,0.9927197015998003,0.02699471160006646,0.0007680027774447022,6.475929334137239,0.020056628082583162
2025-04-25,0.026331679147414366,0.9927197016026181,0.02613997666591707,0.0007680027774447022,6.475929334137239,0.0073460847957005125
2025-04-28,0.02476115128307326,0.9927197016144605,0.024580882713363006,0.0007680027774447022,6.475929334137239,0.0006405015390019333
2025-04-29,0.023187929470405617,0.9927197020727674,0.023019114435545406,0.0007680027774447022,6.475929334137239,0.005785641545556399
2025-04-30,0.021789015781313082,0.9927197177834963,0.02163038559720527,0.0007680027774447022,6.475929334137239,0.0014788972519335208
2025-05-01,0.020399911913571746,0.9927199143436151,0.020251398807458236,0.0007714791832936295,6.322571248526686,0.006279345716451974
2025-05-02,0.01920171549136458,0.9927197994963088,0.019061923152572612,0.0007714791832936295,6.322571248526686,0.014619191109112719
2025-05-05,0.018632024662347525,0.9927197081447621,0.018496378084951644,0.0007714791832936295,6.322571248526686,-0.006402047029318447
2025-05-06,0.01763623003196392,0.9927197184321639,0.017507833311536096,0.0007714791832936295,6.322571248526686,-0.007722985278391797
2025-05-07,0.01679408945607624,0.9927197149883484,0.016671823698324834,0.0007714791832936295,6.322571248526686,0.004336938106710132
2025-05-08,0.015792083680721408,0.9927512189447976,0.015677610323714425,0.0007714791832936295,6.322571248526686,0.005783021147465641
2025-05-09,0.014913033133970912,0.9927404335061537,0.014804770978309918,0.0007714791832936295,6.322571248526686,-0.0007117341348763632
2025-05-12,0.013999954220623272,0.9927419218940291,0.013898341459409972,0.0007714791832936295,6.322571248526686,0.03203997667702081
2025-05-13,0.01712179461164534,0.9927751361192304,0.01699809197618171,0.0007714791832936295,6.322571248526686,0.007222059020245977
2025-05-14,0.016206758853506028,0.9927216642737468,0.016088800621535785,0.0007714791832936295,6.322571248526686,0.001023891242276054
2025-05-15,0.015195439863287048,0.9927201341217744,0.015084819099121675,0.0007714791832936295,6.322571248526686,0.004123817438757677
2025-05-16,0.014301727862566624,0.9927205954461522,0.014197619799635965,0.0007714791832936295,6.322571248526686,0.006980849368100189
2025-05-19,0.01359705046964724,0.9927199637758624,0.01349806344968678,0.0007714791832936295,6.322571248526686,0.0008757295660482738
2025-05-20,0.012765492283505188,0.9927262231384953,0.01267263894110771,0.0007714791832936295,6.322571248526686,-0.0038877770695725784
2025-05-21,0.01210304493632965,0.9928008973950803,0.012015913874001059,0.0007714791832936295,6.322571248526686,-0.016266719267758897
2025-05-22,0.01285276725487708,0.9935445661637512,0.012769797066250517,0.0007714791832936295,6.322571248526686,-0.0004449700224211693
2025-05-23,0.012080717408582284,0.9963385688588754,0.012036484693655375,0.0007714791832936295,6.322571248526686,-0.006730899591473139
2025-05-27,0.011656913310657512,1.002064579732516,0.011680979937622392,0.0007714791832936295,6.322571248526686,0.02025258080218437
2025-05-28,0.012920096969478032,1.0058798092328896,0.012996064674928996,0.0007714791832936295,6.322571248526686,-0.005586802576444734
2025-05-29,0.012339332151359598,1.0062874193549591,0.012416914707155327,0.0007714791832936295,6.322571248526686,0.0040031708706317415
2025-05-30,0.011651207084772339,1.0064053902823664,0.011725837613410978,0.0007714791832936295,6.322571248526686,-8.118845699520562e-05
2025-06-02,0.010897521095914327,1.006437766351103,0.01096767679053604,0.0007748883532982144,6.297605216656765,0.004093651490626028
2025-06-03,0.010316070467475727,1.0064361677565987,0.010382466427593294,0.0007748883532982144,6.297605216656765,0.005783533535368979
2025-06-04,0.009870051444125411,1.0064326691445042,0.009933542219504706,0.0007748883532982144,6.297605216656765,7.368474471916267e-05
2025-06-05,0.009301092494834084,1.0064403812466887,0.00936099507651153,0.0007748883532982144,6.297605216656765,-0.005291357978698112
2025-06-06,0.009028625143180086,1.0064416566011802,0.009086784445933234,0.0007748883532982144,6.297605216656765,0.010228196215376713
2025-06-09,0.009148705124602292,1.0064402560263814,0.009207625127914598,0.0007748883532982144,6.297605216656765,0.0009195251863913659
2025-06-10,0.008630844700800794,1.0064630705204198,0.008686626458752861,0.0007748883532982144,6.297605216656765,0.005468012541646841
2025-06-11,0.008318706496346851,1.006486016487637,0.00837266176383797,0.0007748883532982144,6.297605216656765,-0.002747660318287345
2025-06-12,0.007961948574426446,1.006462001514793,0.008013398698175092,0.0007748883532982144,6.297605216656765,0.0038151330716763875
2025-06-13,0.00761152997028968,1.0064403362058894,0.0076605507823395485,0.0007748883532982144,6.297605216656765,-0.01136066859010289
2025-06-16,0.008387018974973438,1.0064465112304328,0.008441085986985458,0.0007748883532982144,6.297605216656765,0.0093488231481891
2025-06-17,0.008484457025658632,1.0064394360849396,0.008539092144390777,0.0007748883532982144,6.297605216656765,-0.008387259723643134
2025-06-18,0.008643871170529642,1.0064475666338972,0.008699603105876455,0.0007748883532982144,6.297605216656765,-0.00030928803472058796
2025-06-20,0.008173389465675253,1.0064439748487828,0.00822605858182137,0.0007748883532982144,6.297605216656765,-0.002181035215587759
2025-06-23,0.007800436150422856,1.0064422213827309,0.007850688286985737,0.0007748883532982144,6.297605216656765,0.009560655071259439
2025-06-24,0.008010326217777666,1.0064436568649906,0.008061942011301663,0.0007748883532982144,6.297605216656765,0.011060328616958607
2025-06-25,0.008403272214461901,1.0064917120086396,0.00845782383760839,0.0007748883532982144,6.297605216656765,-3.286108349665331e-06
2025-06-26,0.007947183475028655,1.0064772783472384,0.00799865959447299,0.0007748883532982144,6.297605216656765,0.007988131032516797
2025-06-27,0.007940491306361229,1.0064834240340235,0.007991972878538846,0.0007748883532982144,6.297605216656765,0.005205399256150098
2025-06-30,0.007676554285174797,1.0064565762215685,0.007726118543036037,0.0007748883532982144,6.297605216656765,0.005151137506128882
2025-07-01,0.007420329175659632,1.0064571912802867,0.007468243660509558,0.0007820241128852556,6.311733522347173,-0.0011191571098791433
2025-07-02,0.007067042236947003,1.0064622896292652,0.007112711510704405,0.0007820241128852556,6.311733522347173,0.0047338743064907745
2025-07-03,0.006854658756661513,1.0064506881102964,0.0068988760224032485,0.0007820241128852556,6.311733522347173,0.00830437821066394
2025-07-07,0.007037944063808187,1.0064345755331068,0.007083230246484541,0.0007820241128852556,6.311733522347173,-0.007893368104244017
2025-07-08,0.007354226986458811,1.0064574301596234,0.007401716393601886,0.0007820241128852556,6.311733522347173,-0.0007161432504695748
2025-07-09,0.006994380438797543,1.006502480717971,0.0070398612627349776,0.0007820241128852556,6.311733522347173,0.00604380277677969
2025-07-10,0.006899656258244907,1.006602025997515,0.006945207968235757,0.0007820241128852556,6.311733522347173,0.0027424410729257912
2025-07-11,0.0065938416858359284,1.0065613064488648,0.006637105901811997,0.0007820241128852556,6.311733522347173,-0.0033029717732258423
2025-07-14,0.006441332884753247,1.006458959117555,0.006482937190518431,0.0007820241128852556,6.311733522347173,0.0014064243309367943
2025-07-15,0.006141856230453912,1.0064350713572048,0.006181379513562576,0.0007820241128852556,6.311733522347173,-0.003964145065672561
2025-07-16,0.006099823000138786,1.0064350142689127,0.006139075448182521,0.0007820241128852556,6.311733522347173,0.0031885685253844154
2025-07-17,0.0058879452512164,1.0064297656737053,0.005925803359481327,0.0007820241128852556,6.311733522347173,0.005359380240011013
2025-07-18,0.0058609853571109415,1.0064257628755866,0.005898646659233022,0.0007820241128852556,6.311733522347173,-9.049030280841674e-05
2025-07-21,0.005617066045365533,1.006418917574887,0.005653121529323431,0.0007820241128852556,6.311733522347173,0.001398157005673256
2025-07-22,0.005391256343437939,1.0064222151259568,0.005425880151474677,0.0007820241128852556,6.311733522347173,0.0006373284966667569
2025-07-23,0.005182288392733733,1.0064473393224582,0.005215700364468524,0.0007820241128852556,6.311733522347173,0.007781532145702873
2025-07-24,0.005572571819487108,1.0064437189648192,0.005608479906203154,0.0007820241128852556,6.311733522347173,0.0006979799969332514
2025-07-25,0.005346541999631159,1.006585864721017,0.005381753601965966,0.0007820241128852556,6.311733522347173,0.003966451001680552
2025-07-28,0.005263360426349418,1.0068761494627414,0.005299552079317275,0.0007820241128852556,6.311733522347173,0.00017684247126657597
2025-07-29,0.005070760582719347,1.006737153802377,0.005104923076660158,0.0007820241128852556,6.311733522347173,-0.002963830197466829
2025-07-30,0.005068285481035228,1.0068603639582165,0.005103055764079274,0.0007820241128852556,6.311733522347173,-0.0012502139385094711
2025-07-31,0.004942466521190549,1.0064903768017883,0.004974544991243299,0.0007820241128852556,6.311733522347173,-0.003701662046374567
2025-08-01,0.005012451361649596,1.0062845393666657,0.0050439523095553804,0.000785441268727886,6.302934614254089,-0.0161213871855698
2025-08-04,0.007702156667644197,1.0063831411276514,0.007751320620641051,0.000785441268727886,6.302934614254089,0.014629564491414495
2025-08-05,0.008789017742942742,1.0064661408991527,0.008845848770033762,0.000785441268727886,6.302934614254089,-0.004869703780462017
2025-08-06,0.008530658762911546,1.0065702225452244,0.008586707089441245,0.000785441268727886,6.302934614254089,0.007255522219852605
2025-08-07,0.008373766357644722,1.0069695336710698,0.008432127604227999,0.000785441268727886,6.302934614254089,-0.0007977981718278668
2025-08-08,0.007928696630713836,1.0098567040800641,0.008006847447143384,0.000785441268727886,6.302934614254089,0.0077694548163894745
2025-08-11,0.007897228441530442,1.0132094523793354,0.008001546504557571,0.000785441268727886,6.302934614254089,-0.0025072683938851073
2025-08-12,0.007560680924772697,1.015503664194997,0.007677899182915893,0.000785441268727886,6.302934614254089,0.011281559075170764
2025-08-13,0.008069880114130332,1.0158795509366099,0.008198026186455,0.000785441268727886,6.302934614254089,0.0032248733840464015
2025-08-14,0.007677776573421545,1.0158997036638824,0.007799850945736446,0.000785441268727886,6.302934614254089,0.00030304487855445177
2025-08-15,0.007270176484466451,1.0159063422443844,0.00738581839980545,0.000785441268727886,6.302934614254089,-0.0029013399163647113
2025-08-18,0.007016574641873651,1.0159147891777804,0.007128241948049231,0.000785441268727886,6.302934614254089,-0.00010076825773579619
2025-08-19,0.006668510178047158,1.0159041338054766,0.006774567056202003,0.000785441268727886,6.302934614254089,-0.005875329112207127
2025-08-20,0.00676772776215413,1.0159058250374675,0.006875374055840165,0.000785441268727886,6.302934614254089,-0.002434630632264957
2025-08-21,0.0065336414838364585,1.0158327957284001,0.006637087294812642,0.000785441268727886,6.302934614254089,-0.004012219728951123
2025-08-22,0.006447380603224531,1.0159304787456085,0.006550090462889048,0.000785441268727886,6.302934614254089,0.015072285158779139
2025-08-25,0.007959930805800264,1.0159276338034164,0.008086713668775584,0.000785441268727886,6.302934614254089,-0.004275512539646319
2025-08-26,0.0077386169525739444,1.0159237847415232,0.007861845023123834,0.000785441268727886,6.302934614254089,0.00412547371011636
2025-08-27,0.007419228682011744,1.0159201615780475,0.007537344001413856,0.000785441268727886,6.302934614254089,0.0023881304533030262
2025-08-28,0.007053511555902693,1.0159227914385514,0.007165823149316743,0.000785441268727886,6.302934614254089,0.003151747441466755
2025-08-29,0.006747334758378702,1.0158545040621092,0.006854310404713827,0.000785441268727886,6.302934614254089,-0.006418740402792551
2025-09-02,0.006913217909192198,1.0154385483517827,0.007019947958149672,0.0007858139297320376,6.283062303808382,-0.006946350061030363
2025-09-03,0.00711596154225677,1.015557959805444,0.007226671385908287,0.0007858139297320376,6.283062303808382,0.005087112302941308
2025-09-04,0.006924137140842906,1.0158640168926514,0.0070339817694122725,0.0007858139297320376,6.283062303808382,0.008311847102873571
2025-09-05,0.0070975088949801375,1.015905708623212,0.0072103998034143465,0.0007858139297320376,6.283062303808382,-0.00317017266993674
2025-09-08,0.006881739737771335,1.0159185202666636,0.006991286851256952,0.0007858139297320376,6.283062303808382,0.0021037644508885675
2025-09-09,0.006556718479475087,1.0159150004729662,0.006661068657177039,0.0007858139297320376,6.283062303808382,0.0026845470300734414
2025-09-10,0.006278709644948236,1.0159115361751831,0.006378613560597301,0.0007858139297320376,6.283062303808382,0.0029790282293981275
2025-09-11,0.006038767562486152,1.0159218875401104,0.006134916140496923,0.0007858139297320376,6.283062303808382,0.008450087623093565
2025-09-12,0.0063754644984475,1.0159191963656249,0.006476956769720356,0.0007858139297320376,6.283062303808382,-0.00048287788142832935
2025-09-15,0.0060935867910946765,1.0158464144669817,0.006190148292976888,0.0007858139297320376,6.283062303808382,0.004695577726559718
2025-09-16,0.005982020075964386,1.0155315861603031,0.00607493033618689,0.0007858139297320376,6.283062303808382,-0.0012887604333313247
2025-09-17,0.005765124249548096,1.0155881697576965,0.005854991985024264,0.0007858139297320376,6.283062303808382,-0.0009706390782443865
2025-09-18,0.005555721124746672,1.015267115547247,0.00564054096110646,0.0007858139297320376,6.283062303808382,0.004777687836708263
2025-09-19,0.005514642307719127,1.01430225492202,0.005593514127807883,0.0007858139297320376,6.283062303808382,0.004873523937481177
2025-09-22,0.00548747232261498,1.0122823226457687,0.005554871228191063,0.0007858139297320376,6.283062303808382,0.004400350714762291
2025-09-23,0.005421789579637074,1.0080145233023368,0.005465242638563442,0.0007858139297320376,6.283062303808382,-0.005517351828739721
2025-09-24,0.005666633923008654,1.0073818824790282,0.005708464348679978,0.0007858139297320376,6.283062303808382,-0.0028506771652953692
2025-09-25,0.005581701038108201,1.0068504101389522,0.0056199379794922575,0.0007858139297320376,6.283062303808382,-0.005021648742526333
2025-09-26,0.0057350535974193505,1.008241796171251,0.005782320740200481,0.0007858139297320376,6.283062303808382,0.005884489130413512
2025-09-29,0.005782189359431665,1.0077660953925427,0.005827094393574757,0.0007858139297320376,6.283062303808382,0.002632077259912619
2025-09-30,0.005574772913240687,1.0067334064226179,0.005612310124979337,0.0007858139297320376,6.283062303808382,0.004082503613507919
2025-10-01,0.005462124854810484,1.0064851410714308,0.005497547505043699,0.0007930757221354289,6.298144175173851,0.0033941541712235066
2025-10-02,0.005324529478589332,1.0064361644356477,0.005358799025855986,0.0007930757221354289,6.298144175173851,0.0006181636213842448
2025-10-03,0.005120103404685981,1.0064212069735667,0.005152980648373533,0.0007930757221354289,6.298144175173851,6.55106568658717e-05
2025-10-06,0.004941569642353591,1.0064151203658716,0.004973270406405626,0.0007930757221354289,6.298144175173851,0.003639959282762629
2025-10-07,0.004878888478915519,1.0063982421264046,0.0049101047887113464,0.0007930757221354289,6.298144175173851,-0.003818687706853079
2025-10-08,0.004991539472706478,1.0064052288341196,0.005023511425263704,0.0007930757221354289,6.298144175173851,0.005810748494187323
2025-10-09,0.005135439054580637,1.0064159617972934,0.005168387835367156,0.0007930757221354289,6.298144175173851,-0.0027593739802789824
2025-10-10,0.005105829766123446,1.0061935732246925,0.005137453096652746,0.0007930757221354289,6.298144175173851,-0.027485975439899807
2025-10-13,0.011150387150530601,1.0063340622424441,0.011221014396769412,0.0007930757221354289,6.298144175173851,0.015478263036934031
2025-10-14,0.011694600179186694,1.0064474703429154,0.011770000767014253,0.0007930757221354289,6.298144175173851,-0.00156555149694257
2025-10-15,0.011013088835558965,1.0064490158729011,0.011084112420269155,0.0007930757221354289,6.298144175173851,0.004017918503427979
2025-10-16,0.010412547629649029,1.00640707816644,0.01047926163622397,0.0007930757221354289,6.298144175173851,-0.006314280275141975
2025-10-17,0.010111437357246164,1.006450089854889,0.010176657036762482,0.0007930757221354289,6.298144175173851,0.0052568739445263
2025-10-20,0.0096453122684122,1.0064586564604099,0.009707608026807252,0.0007930757221354289,6.298144175173851,0.010615724136144117
2025-10-21,0.009726173023356693,1.006466121731236,0.009789063642104781,0.0007930757221354289,6.298144175173851,3.269591641698797e-05
2025-10-22,0.009162791041758746,1.0064587974692534,0.009221971653350555,0.0007930757221354289,6.298144175173851,-0.005351834774743029
2025-10-23,0.00890768365622125,1.00647744768683,0.008965382711115253,0.0007930757221354289,6.298144175173851,0.0058104798620133855
2025-10-24,0.008588258564396484,1.0065655966714802,0.008644645606240696,0.0007930757221354289,6.298144175173851,0.007871361975244856
2025-10-27,0.008486067546088154,1.0067720171632033,0.008543535341158365,0.0007930757221354289,6.298144175173851,0.012215141327379352
2025-10-28,0.008975178436084726,1.006909212214254,0.009037189848560431,0.0007930757221354289,6.298144175173851,0.0022853305022299255
2025-10-29,0.008481534603060063,1.0067887307214303,0.00853911345758473,0.0007930757221354289,6.298144175173851,-4.3579204733175357e-05
2025-10-30,0.008015194157038233,1.007079489813369,0.00807193764242516,0.0007930757221354289,6.298144175173851,-0.009954191424534511
2025-10-31,0.008480384958429236,1.0069444560499936,0.008539276619060074,0.0007930757221354289,6.298144175173851,0.0026145009178832708
2025-11-03,0.008044727975325109,1.0070684046329887,0.00810159136781703,0.000796633438565703,6.211802861523781,0.0017192339969181521
2025-11-04,0.007616140232742667,1.0065006251598576,0.007665649905560638,0.000796633438565703,6.211802861523781,-0.011806250392326715
2025-11-05,0.008480159511953949,1.0064896069836284,0.008535192414345008,0.000796633438565703,6.211802861523781,0.0036468976756877185
2025-11-06,0.008073435425355118,1.0064536308698182,0.008125538397441673,0.000796633438565703,6.211802861523781,-0.011241134514722728
2025-11-07,0.008741828547228771,1.0064468877651764,0.00879818613473517,0.000796633438565703,6.211802861523781,0.0012610463474931072
2025-11-10,0.008253218379404362,1.0064622361029483,0.008306552625181264,0.000796633438565703,6.211802861523781,0.015283626703501816
2025-11-11,0.009332624671797017,1.0064701602303765,0.009393008248793508,0.000796633438565703,6.211802861523781,0.0020731999523923177
2025-11-12,0.008808550964967559,1.0064652462346726,0.008865500415926738,0.000796633438565703,6.211802861523781,0.0006293191259445972
2025-11-13,0.008313350863915565,1.0064485876970053,0.008366960236017499,0.000796633438565703,6.211802861523781,-0.01669545163092778
2025-11-14,0.009999024129396319,1.0064478617129542,0.010063496454247159,0.000796633438565703,6.211802861523781,-0.0005018514712717733
2025-11-17,0.009424180987076765,1.006445795068906,0.009484927326411742,0.000796633438565703,6.211802861523781,-0.009204497894305158
2025-11-18,0.009559694775590797,1.006409113279707,0.009620963942326982,0.000796633438565703,6.211802861523781,-0.008290709844169318
2025-11-19,0.009562792893705258,1.006428610335622,0.009624268362939144,0.000796633438565703,6.211802861523781,0.00374680773726533
2025-11-20,0.009069841044770047,1.0063120843176567,0.00912709064619238,0.000796633438565703,6.211802861523781,-0.01568972611631523
2025-11-21,0.010351739022215123,1.0064183003058147,0.01041817959194712,0.000796633438565703,6.211802861523781,0.009775103041592069
2025-11-24,0.010243705648269591,1.0064505701997564,0.010309783390659395,0.000796633438565703,6.211802861523781,0.015348818899081837
2025-11-25,0.010926749727823844,1.0064579408276688,0.010997314031004877,0.000796633438565703,6.211802861523781,0.009020886000832944
2025-11-26,0.010675452987946714,1.0064567357025496,0.01074438156639488,0.000796633438565703,6.211802861523781,0.006882969436149685
2025-11-28,0.01026709103038248,1.0064632318463695,0.010333449620099624,0.000796633438565703,6.211802861523781,0.005340487341137372
2025-12-01,0.009794593868205576,1.0064762628467705,0.009858026232573442,0.0007951219038581379,6.233866945448259,-0.005337548746055966
2025-12-02,0.009476124499462765,1.0065426729327165,0.009538123682732451,0.0007951219038581379,6.233866945448259,0.002454221195936617
2025-12-03,0.008949967260614478,1.0067231748814205,0.009010139455690576,0.0007951219038581379,6.233866945448259,0.0029753605210852863
2025-12-04,0.008479810134296335,1.0078886312735418,0.008546704229715442,0.0007951219038581379,6.233866945448259,0.001079738711974404
2025-12-05,0.008011647448964892,1.0114655799622245,0.00810350563342015,0.0007951219038581379,6.233866945448259,0.0019347688846794776
2025-12-08,0.0075903692839209645,1.0133666836941448,0.0076918273492608885,0.0007951219038581379,6.233866945448259,-0.0034833153316476935
2025-12-09,0.007349208290185526,1.0148599409652606,0.007458417091519087,0.0007951219038581379,6.233866945448259,-0.0008767431610132386
2025-12-10,0.006995527569663472,1.015816917584979,0.007106175252696288,0.0007951219038581379,6.233866945448259,0.006726880659139976
2025-12-11,0.006968514422535877,1.0159249044442282,0.007079487348832987,0.0007951219038581379,6.233866945448259,0.00207719198371703
2025-12-12,0.006636729066876896,1.015900721487617,0.0067422578473580776,0.0007951219038581379,6.233866945448259,-0.010720913458554537
2025-12-15,0.007513846903816101,1.015792856173541,0.007632512007278075,0.0007951219038581379,6.233866945448259,-0.0015978388918367072
2025-12-16,0.007171787461995942,1.0157700933496254,0.0072848872197552915,0.0007951219038581379,6.233866945448259,-0.00238676400843967
2025-12-17,0.00689985360543619,1.0148878485545845,0.007002577580962728,0.0007951219038581379,6.233866945448259,-0.01165985661137129
2025-12-18,0.007897390641543472,1.0147632880046777,0.008013982094070025,0.0007951219038581379,6.233866945448259,0.007902951520479156
2025-12-19,0.007884958786531334,1.0153741737015578,0.008006183512545091,0.0007951219038581379,6.233866945448259,0.008779407421828872
2025-12-22,0.007978236163920814,1.0158194903848152,0.008104447794203745,0.0007951219038581379,6.233866945448259,0.006415870575561936
2025-12-23,0.007805673989772317,1.0159107500729325,0.007929868117774375,0.0007951219038581379,6.233866945448259,0.004540067046788208
2025-12-24,0.007507594887311929,1.0159283408447213,0.00762717841760112,0.0007951219038581379,6.233866945448259,0.003216304344700708
2025-12-26,0.00716726510000522,1.0159327439483026,0.007281459299653208,0.0007951219038581379,6.233866945448259,-0.00030440987710828846
2025-12-29,0.006814617204726847,1.01593295109037,0.006923194167349354,0.0007951219038581379,6.233866945448259,-0.003498162923937312
2025-12-30,0.006655338929178775,1.0159318185950252,0.006761370581686861,0.0007951219038581379,6.233866945448259,-0.0013766142506534472
2025-12-31,0.00638069911146099,1.0159276307267358,0.006482328530686751,0.0007951219038581379,6.233866945448259,-0.007384867434248815
2026-01-02,0.006730215796925257,1.0159313654443196,0.006837437324305206,0.0007924179129428374,6.233304575628845,0.0018929140261155547
2026-01-05,0.006414629134336748,1.015927588874827,0.006516798709972951,0.0007924179129428374,6.233304575628845,0.006334024511051582
2026-01-06,0.006419597876590909,1.0159269517937803,0.006521842502506827,0.0007924179129428374,6.233304575628845,0.0061775920038938375
2026-01-07,0.006407318415536766,1.0159117427849134,0.006509270018105826,0.0007924179129428374,6.233304575628845,-0.0034458535710101927
2026-01-08,0.006288154766916089,1.0159063825241628,0.0063881765620097935,0.0007924179129428374,6.233304575628845,7.654532942294603e-05
2026-01-09,0.006004024799045185,1.0159288927492929,0.00609966226613327,0.0007924179129428374,6.233304575628845,0.006454611138321038
2026-01-12,0.0060777188548898735,1.0159136414653758,0.006174437493673945,0.0007924179129428374,6.233304575628845,0.0015763900591805138
2026-01-13,0.0058133219283684045,1.0157989501653115,0.005905166311809609,0.0007924179129428374,6.233304575628845,-0.0019410055882070072
2026-01-14,0.005649002078118489,1.0151347577189611,0.0057344983559247205,0.0007924179129428374,6.233304575628845,-0.005347633584135448
2026-01-15,0.005834254632850566,1.0153651970988107,0.005923899105208964,0.0007924179129428374,6.233304575628845,0.002576603920444464
2026-01-16,0.005620416362572942,1.0151609982208978,0.005705627485046615,0.0007924179129428374,6.233304575628845,-0.0006425086684515026
2026-01-20,0.005414394865273464,1.006259987258899,0.005448288908144725,0.0007924179129428374,6.233304575628845,-0.020842460953261224
2026-01-21,0.009242223603866636,1.0064189537425559,0.009301549009658214,0.0007924179129428374,6.233304575628845,0.01152111763356032
2026-01-22,0.00950194703300383,1.006708887503122,0.009565694526708877,0.0007924179129428374,6.233304575628845,0.0054725007079021405
2026-01-23,0.009105509517627688,1.0072279333178527,0.009171323533246173,0.0007924179129428374,6.233304575628845,0.0003268164274822459
2026-01-26,0.008589692009300988,1.0090440031873544,0.0086673772112115,0.0007924179129428374,6.233304575628845,0.00499359426016032
2026-01-27,0.00824659480147477,1.0124384398798785,0.008349169575126632,0.0007924179129428374,6.233304575628845,0.004073587840441241
2026-01-28,0.007881463765936491,1.014850185729062,0.00799850496667752,0.0007924179129428374,6.233304575628845,-8.172639170147053e-05
2026-01-29,0.007466063674762357,1.0153622528571409,0.007580759232781571,0.0007924179129428374,6.233304575628845,-0.0012934674424623016
2026-01-30,0.007115948303342403,1.0148962623410904,0.007221949336074628,0.0007924179129428374,6.233304575628845,-0.0043111794144580756
2026-02-02,0.006996424254045228,1.0155307017597026,0.007105083632519154,0.0007937108235306586,6.178810770049266,0.005376785277364613
2026-02-03,0.006841601794006539,1.0141002070941445,0.006938069796157701,0.0007937108235306586,6.178810770049266,-0.008439495590663714
2026-02-04,0.007274574267409195,1.009037215764177,0.007340316164656301,0.0007937108235306586,6.178810770049266,-0.005085300155013826
2026-02-05,0.007207656882608096,1.0064116607659526,0.007253869933456762,0.0007937108235306586,6.178810770049266,-0.01232667785383289
2026-02-06,0.008257844568323588,1.0064333072445135,0.00831096981960905,0.0007937108235306586,6.178810770049266,0.019504344282200718
2026-02-09,0.010219769251881627,1.0065235364733416,0.01028643828934541,0.0007937108235306586,6.178810770049266,0.004680117860123293
2026-02-10,0.009717625166765815,1.006488084905199,0.00978067394392469,0.0007937108235306586,6.178810770049266,-0.0033091822845107053
2026-02-11,0.009269466777827246,1.0064996872000578,0.00932971541239445,0.0007937108235306586,6.178810770049266,-4.89572699497733e-05
2026-02-12,0.00874675116733439,1.006449615241564,0.008803164346977399,0.0007937108235306586,6.178810770049266,-0.01578494138611745
2026-02-13,0.010116557627936435,1.0064476724106082,0.01018178587744441,0.0007937108235306586,6.178810770049266,0.0004989646444475858
2026-02-17,0.009525661381164749,1.006452132561872,0.00958712221113553,0.0007937108235306586,6.178810770049266,0.0010307906306565179
2026-02-18,0.008978888973240371,1.0064518724009077,0.009036819619197636,0.0007937108235306586,6.178810770049266,0.005550636821134019
2026-02-19,0.008637533443769304,1.0064501692523093,0.008693246996404098,0.0007937108235306586,6.178810770049266,-0.0028261153915347848
2026-02-20,0.00825735417266419,1.0064550744422274,0.008310656008544574,0.0007937108235306586,6.178810770049266,0.006915755702175204
2026-02-23,0.008100250739869301,1.0064430691067254,0.008152441215168083,0.0007937108235306586,6.178810770049266,-0.01043995947145646
2026-02-24,0.008625094102795942,1.0064488688858884,0.008680716203793322,0.0007937108235306586,6.178810770049266,0.007622488962383376
2026-02-25,0.008494746754702196,1.0064871822495418,0.008549853725063653,0.0007937108235306586,6.178810770049266,0.0081034339701294
2026-02-26,0.008429746560280917,1.0064748698288406,0.008484328071948852,0.0007937108235306586,6.178810770049266,-0.005380026995566101
2026-02-27,0.008258316548464423,1.006450030056577,0.008311582938418747,0.0007937108235306586,6.178810770049266,-0.004348795128037643
2026-03-02,0.008016447879220689,1.0064404169810255,0.008068077146269528,0.0007900673500316962,6.198743783171956,0.0003982754131349892
2026-03-03,0.007587919640753981,1.0063979758956685,0.007636466967713795,0.0007900673500316962,6.198743783171956,-0.009488908731312503
2026-03-04,0.008051355839412215,1.006431269281028,0.008103136276892851,0.0007900673500316962,6.198743783171956,0.00772612574014956
2026-03-05,0.008000547659207647,1.0063900575204063,0.008051671618944736,0.0007900673500316962,6.198743783171956,-0.005662707772703004
2026-03-06,0.007905442642976941,0.9994676069789239,0.007901233840485303,0.0007900673500316962,6.198743783171956,-0.013365720432496335
2026-03-09,0.008991784664112117,1.0012484626843188,0.009003010571730691,0.0007900673500316962,6.198743783171956,0.008269871665388671
2026-03-10,0.008885333922083582,1.0050436093989246,0.008930148075765585,0.0007900673500316962,6.198743783171956,-0.002137402505887721
2026-03-11,0.008450966232367269,1.0062151351171484,0.00850349012937189,0.0007900673500316962,6.198743783171956,-0.0008379521856348736
2026-03-12,0.008007633557617508,1.0055248074222651,0.008051874190931412,0.0007900673500316962,6.198743783171956,-0.015344808189494536
2026-03-13,0.009470964041441486,1.0040487399374285,0.00950930951180202,0.0007900673500316962,6.198743783171956,-0.006077546398501344
2026-03-16,0.009250463220225697,1.0062466558602543,0.009308247680510388,0.0007900673500316962,6.198743783171956,0.010079909746818997
2026-03-17,0.00931792690856567,1.0064331029522366,0.009377870091669889,0.0007900673500316962,6.198743783171956,0.002491149384952951
2026-03-18,0.008807857247461394,1.0063885085070485,0.00886412631841567,0.0007900673500316962,6.198743783171956,-0.013700999383730839
2026-03-19,0.009756403144121654,1.006399406472479,0.009818838333550262,0.0007900673500316962,6.198743783171956,-0.002752582623899739
2026-03-20,0.009277090284460497,1.0062414863651283,0.009334993116979022,0.0007900673500316962,6.198743783171956,-0.015253934307770224
2026-03-23,0.010414425063367318,1.0062496232179539,0.010479511296044979,0.0007900673500316962,6.198743783171956,0.0113881090950741
2026-03-24,0.01048794877786075,1.0062578962004705,0.010553581272668453,0.0007900673500316962,6.198743783171956,-0.0037495954593205535
2026-03-25,0.009998515544552965,1.0063838877296303,0.010062344945252355,0.0007900673500316962,6.198743783171956,0.005404493759949214
2026-03-26,0.009555962431738676,1.0061331040928434,0.00961457014403983,0.0007900673500316962,6.198743783171956,-0.017559440961209507
2026-03-27,0.011084449449980533,0.9979030989550526,0.011061206456346203,0.0007900673500316962,6.198743783171956,-0.01686323194605131
2026-03-30,0.012134840919553023,0.993893988441958,0.012060745440643231,0.0007900673500316962,6.198743783171956,-0.003953553833355896
2026-03-31,0.011518514818683183,1.0004149391889252,0.01152329430187967,0.0007900673500316962,6.198743783171956,0.028714893309798716
2026-04-01,0.014645812528391373,1.0058032244984352,0.014730805466455624,0.0007837333101573316,6.232602124019286,0.0071429450037592815
2026-04-02,0.013909092226203252,1.006375019093427,0.013997762954717536,0.0007837333101573316,6.232602124019286,0.0011202481362370179
2026-04-06,0.013042795770280209,1.0064268858363663,0.01312662032968284,0.0007837333101573316,6.232602124019286,0.004417013131605809
2026-04-07,0.01230458256757161,1.0064173827805816,0.012383545783862988,0.0007837333101573316,6.232602124019286,0.0007589600331270599
2026-04-08,0.011552379759689242,1.006447620009536,0.011626865114585574,0.0007837333101573316,6.232602124019286,0.024772038357183543
2026-04-09,0.013764723342408176,1.0064507695717242,0.013853516400908584,0.0007837333101573316,6.232602124019286,0.006151066869514015
2026-04-10,0.013046320605992473,1.0064276213781955,0.013130177415226343,0.0007837333101573316,6.232602124019286,-0.0011391696991393636
2026-04-13,0.012259677362304903,1.0064258243309065,0.012338455895388666,0.0007837333101573316,6.232602124019286,0.010121875493741075
2026-04-14,0.011973021283830234,1.006435301957016,0.012050071291129462,0.0007837333101573316,6.232602124019286,0.011713988916143619
2026-04-15,0.011887772266111563,1.0064348455981884,0.011964268245150417,0.0007837333101573316,6.232602124019286,0.00794414491156507
2026-04-16,0.011447968170540012,1.0064161859933418,0.011521420463568053,0.0007837333101573316,6.232602124019286,0.002606555815286028
2026-04-17,0.010777051861935226,1.0063880001090866,0.0108458956704049,0.0007837333101573316,6.232602124019286,0.011968553928737802
2026-04-20,0.01087731251339897,1.00632146544138,0.01094607306854751,0.0007837333101573316,6.232602124019286,-0.0023771959102520377
2026-04-21,0.010289602792013852,1.006388038895295,0.010355333174866373,0.0007837333101573316,6.232602124019286,-0.00636845358085314
2026-04-22,0.010008145447063334,1.0063573987692218,0.010071771218610687,0.0007837333101573316,6.232602124019286,0.010405756011537825
2026-04-23,0.010017182600060688,1.0063895602719406,0.01008118799203881,0.0007837333101573316,6.232602124019286,-0.004141432170939999
2026-04-24,0.00959139013770095,1.006220851359594,0.009651056750079464,0.0007837333101573316,6.232602124019286,0.007942067917632457
2026-04-27,0.009385125117705078,1.0056205512078904,0.009437874694021598,0.0007837333101573316,6.232602124019286,0.0012316180005498539
2026-04-28,0.008849615468775157,1.005066589496958,0.00889445283756137,0.0007837333101573316,6.232602124019286,-0.0049061878687959495
2026-04-29,0.008591526366141205,1.0059929010937863,0.008643014533898145,0.0007837333101573316,6.232602124019286,-0.00039925174351248426
2026-04-30,0.00812626050178393,1.0062962247781226,0.008177425264508742,0.0007837333101573316,6.232602124019286,0.010186184168105012
2026-05-01,0.008366740320196747,1.0063407519680796,0.008419791745348446,0.0007915694078189872,6.227406202778662,0.00292404968652147
2026-05-04,0.00794506122242825,1.0063661458585729,0.00799564064102552,0.0007915694078189872,6.227406202778662,-0.004070462487840939
2026-05-05,0.007713377879578772,1.006351396350545,0.007762368599693504,0.0007915694078189872,6.227406202778662,0.008087227380575185
2026-05-06,0.007746086181432534,1.0063889273710964,0.0077955753634559605,0.0007915694078189872,6.227406202778662,0.014482944327746904
2026-05-07,0.008779444741647897,1.0064193115753688,0.008835802732903268,0.0007915694078189872,6.227406202778662,-0.0038103454826786936
2026-05-08,0.008446994022699364,1.0064078926265958,0.008501121453414319,0.0007915694078189872,6.227406202778662,0.008390405429031966
2026-05-11,0.008419790447396347,1.0064122346801034,0.008473780119702345,0.0007915694078189872,6.227406202778662,0.0018781917406753333
2026-05-12,0.00796760721656639,1.0064341700153259,0.008018872156013115,0.0007915694078189872,6.227406202778662,-0.0016038944114079717
2026-05-13,0.007588818908304374,1.006435690203256,0.007637658195806833,0.0007915694078189872,6.227406202778662,0.005832206062995343
2026-05-14,0.007408982379714904,1.0064319855336108,0.007456636847200008,0.0007915694078189872,6.227406202778662,0.007626449143738461
2026-05-15,0.007428558701809673,1.0064405961857588,0.0074764030486502335,0.0007915694078189872,6.227406202778662,-0.012440381787730354
2026-05-18,0.008446697360630579,1.006443984761303,0.00850112774970582,0.0007915694078189872,6.227406202778662,-0.0007359385925655567
2026-05-19,0.008001318054069449,1.0064478788874485,0.008052909583822043,0.0007915694078189872,6.227406202778662,-0.006700720556670582
2026-05-20,0.008019065222967005,1.0064507118584036,0.008070793902094111,0.0007915694078189872,6.227406202778662,0.010734208066325955
2026-05-21,0.00835751800460575,1.006453513478361,0.008411453359694118,0.0007915694078189872,6.227406202778662,0.0017138609316666425
2026-05-22,0.007907679904615422,1.0064618735744646,0.007958778332426381,0.0007915694078189872,6.227406202778662,0.003720045284340991
2026-05-26,0.007557302859594121,1.0064506911353301,0.00760605268615751,0.0007915694078189872,6.227406202778662,0.006089680623147164
2026-05-27,0.007403172777669432,1.0064512348029349,0.0074509323835448725,0.0007915694078189872,6.227406202778662,0.00016486555361860245
2026-05-28,0.007026181665582493,1.0064493902427951,0.007071496253060606,0.0007915694078189872,6.227406202778662,0.0057372272122164095
2026-05-29,0.006899976555475897,1.0064952938043117,0.006944793930446576,0.0007915694078189872,6.227406202778662,0.0021699047314878454
2026-06-01,0.00657439146369461,1.0064714479383012,0.006616937295777922,0.0007989560282754552,6.235979941460419,0.0026218560604907887
2026-06-02,0.006295700791631273,1.0064513409014684,0.00633631650365173,0.0007989560282754552,6.235979941460419,0.0012912549125880068
2026-06-03,0.006010717366291388,1.0064732835391468,0.006049626444077066,0.0007989560282754552,6.235979941460419,-0.007399348892067432
2026-06-04,0.0064309483351393795,1.006710792159674,0.006474105092806102,0.0007989560282754552,6.235979941460419,0.0040467623691873905
2026-06-05,0.006237292802061451,1.0063880446678026,0.006277136907087184,0.0007989560282754552,6.235979941460419,-0.026801330315360895
2026-06-08,0.011388658854561425,1.00642499755666,0.011461830959875616,0.0007989560282754552,6.235979941460419,0.0029737052076611974
2026-06-09,0.010732180322984935,1.0064512519035285,0.010801416321722603,0.0007989560282754552,6.235979941460419,-0.0025797185926219454
2026-06-10,0.01016614206143965,1.0064485814564972,0.010231699256621166,0.0007989560282754552,6.235979941460419,-0.016332095868206012
2026-06-11,0.01131082114542021,1.006454214301087,0.011383823609014018,0.0007989560282754552,6.235979941460419,0.01736719891346488
2026-06-12,0.012124951895359233,1.0064520652091054,0.012203182875645356,0.0007989560282754552,6.235979941460419,0.005012928127161434
2026-06-15,0.011483915178955006,1.0064371807663681,0.011557839216867578,0.0007989560282754552,6.235979941460419,0.01639328413858115
2026-06-16,0.012106945515114185,1.0064455624951838,0.012184981589057639,0.0007989560282754552,6.235979941460419,-0.005700396039273383
2026-06-17,0.01159866355651278,1.0064478269140114,0.011673449731559026,0.0007989560282754552,6.235979941460419,-0.012222675603360274
2026-06-18,0.011822811366530675,1.0064454372704896,0.01189901455555448,0.0007989560282754552,6.235979941460419,0.010787813962926182
2026-06-22,0.011649936716556144,1.0064472810575067,0.011725047132869948,0.0007989560282754552,6.235979941460419,-0.003711932684976348
2026-06-23,0.011061560158954244,1.0064513225795904,0.011132921851773203,0.0007989560282754552,6.235979941460419,-0.014466928386098657
2026-06-24,0.011705777710245065,1.0064526402239937,0.011781310882351322,0.0007989560282754552,6.235979941460419,-0.000983415367731934
2026-06-25,0.011016827543249716,1.0064503579888338,0.01108789002480492,0.0007989560282754552,6.235979941460419,-9.921104004703284e-05
2026-06-26,0.010365015239108967,1.0064516975348594,0.010431887182375907,0.0007989560282754552,6.235979941460419,-0.0004717686829183932
2026-06-29,0.009766621638010554,1.0064633829385847,0.009829747053673284,0.0007989560282754552,6.235979941460419,0.01168156135934559
2026-06-30,0.00996691287930425,1.00653714943445,0.010032068078196406,0.0007989560282754552,6.235979941460419,0.007888998838148293
2026-07-01,0.00972287517634305,1.006592424528109,0.009786972497139317,0.000797092321074101,6.197343201839054,-0.0021531509855513085
2026-07-02,0.00922222004202314,1.0068311045698288,0.009285217991496172,0.000797092321074101,6.197343201839054,1.370250446897007e-06
2026-07-06,0.008705353808489316,1.0084179564241058,0.008778635097505602,0.000797092321074101,6.197343201839054,0.0072154138304445295
2026-07-07,0.008527544549626643,1.0110928006974267,0.008622138901754077,0.000797092321074101,6.197343201839054,-0.004465063253185491
2026-07-08,0.00826913345246723,1.0128494370631387,0.008375387162331402,0.000797092321074101,6.197343201839054,-0.0028212145626126694
2026-07-09,0.007924035943113632,1.0150476634722816,0.008043274169327869,0.000797092321074101,6.197343201839054,0.008109821657156896
2026-07-10,0.007931611335444155,1.0155307501910824,0.008054795209707696,0.000797092321074101,6.197343201839054,0.004200010992571727
2026-07-13,0.007605035396057287,1.0153695830907,0.007721921619484704,0.000797092321074101,6.197343201839054,-0.007958609028043705
2026-07-14,0.007839510827116081,1.0156757487308872,0.007962401029015022,0.000797092321074101,6.197343201839054,0.003751931076883282
2026-07-15,0.007497878892773588,1.0158962188214617,0.007617066816349936,0.000797092321074101,6.197343201839054,0.003811869942054222
2026-07-16,0.007189898574142885,1.01584022460127,0.00730378818241766,0.000797092321074101,6.197343201839054,-0.005114462132765812
2026-07-17,0.007137742015649376,1.0122020364523574,0.007224837003911852,0.000797092321074101,6.197343201839054,-0.010149876192112738
2026-07-20,0.007796714685948548,1.0080649083622564,0.007859594475417382,0.000797092321074101,6.197343201839054,-0.0019341238867804414
2026-07-21,0.0074483331548007995,1.0097038642083505,0.007520610768313541,0.000797092321074101,6.197343201839054,0.008817378432212827
2026-07-22,0.007607666274231224,1.0116886351794436,0.00769658950987767,0.000797092321074101,6.197343201839054,-0.0013646224263997142
2026-07-23,0.007252208775596336,1.0075827472053929,0.007307200441422415,0.000797092321074101,6.197343201839054,-0.012163372131276511
2026-07-24,0.008256800986027433,1.0065834567057945,0.008311159277847306,0.000797092321074101,6.197343201839054,0.0004966405371888175
2026-07-27,0.007810606330095166,1.0064785196156891,0.007861207496415112,0.000797092321074101,6.197343201839054,0.00016191330177520104
2026-07-28,0.007402330735003964,1.0064799177759154,0.007450297229516921,0.000797092321074101,6.197343201839054,0.0021020963754603476
2026-07-29,0.007038508434659425,1.0064318204593428,0.007083778857212724,0.000797092321074101,6.197343201839054,-0.015277397157074194
2026-07-30,0.008757189180473147,1.0065315675477757,0.008814387353134058,0.000797092321074101,6.197343201839054,0.016468013977056842
2026-07-31,0.00993836038203869,1.007233198762617,0.010010246518056496,0.000797092321074101,6.197343201839054,0.006979208383378553
2026-08-03,0.009610063201511341,1.007518324872547,0.009682314778706012,0.0007942788256186926,6.206563582980936,0.014682592263996739
2026-08-04,0.010290570789822958,1.0069385063535838,0.01036197198063015,0.0007942788256186926,6.206563582980936,0.01773794201518698
2026-08-05,0.011372532632031569,1.006563353162644,0.011447174580049284,0.0007942788256186926,6.206563582980936,-0.0016778990048803989
2026-08-06,0.010726953276890404,1.006441653658593,0.01079605259471204,0.0007942788256186926,6.206563582980936,-0.0017610831844068816
2026-08-07,0.010133234313500373,1.0064472319173106,0.010198565625191959,0.0007942788256186926,6.206563582980936,0.006165187424711444
2026-08-10,0.009728419825911442,1.0064619010465248,0.009791283912165532,0.0007942788256186926,6.206563582980936,-0.0005841462941922488
2026-08-11,0.00918180676719911,1.006517648739902,0.00924165055850537,0.0007942788256186926,6.206563582980936,-0.003218033793131793
2026-08-12,0.008777725416429795,1.0069121805828423,0.008838398639614763,0.0007942788256186926,6.206563582980936,0.0026232744800285084
2026-08-13,0.008315489153597963,1.0080410719494133,0.00838235460017661,0.0007942788256186926,6.206563582980936,0.006494991938585417
2026-08-14,0.008115420564539783,1.010684835787814,0.00820213250062094,0.0007942788256186926,6.206563582980936,-0.001697874130592273
2026-08-17,0.00772969178652331,1.0129821683196019,0.0078300399463546,0.0007942788256186926,6.206563582980936,-0.005241165715609593
2026-08-18,0.0076257291361457235,1.0151069064821021,0.007740930313063318,0.0007942788256186926,6.206563582980936,-0.006905632816841959
2026-08-19,0.0077190328649553615,1.0158349777871958,0.007841263578910565,0.0007942788256186926,6.206563582980936,0.002106557787261324
2026-08-20,0.00732955729926084,1.0157617899658435,0.007445084241954405,0.0007942788256186926,6.206563582980936,-0.008706708745809217
2026-08-21,0.007716748243817988,1.0158505766728487,0.007839063153521696,0.0007942788256186926,6.206563582980936,0.004336776121311056
2026-08-24,0.007418137407822431,1.015790496087761,0.007535273477539125,0.0007942788256186926,6.206563582980936,-0.002806804367835632
2026-08-25,0.007151278298717411,1.0158316445384705,0.0072644947947383826,0.0007942788256186926,6.206563582980936,0.003185873461008087
2026-08-26,0.006845179092065581,1.0156638531565831,0.006952400972194209,0.0007942788256186926,6.206563582980936,-0.0002057698051235618
2026-08-27,0.006522188202068105,1.015870479825417,0.0066256984583466,0.0007942788256186926,6.206563582980936,0.007177437188466142
2026-08-28,0.006609348594602025,1.0159169848559058,0.006714549496089708,0.0007942788256186926,6.206563582980936,-0.0024905510599212474
2026-08-31,0.006401718734335674,1.0159246733107703,0.006503664013807408,0.0007942788256186926,6.206563582980936,-0.003327681399441783
2026-09-01,0.006268900955801764,1.0158594824834832,0.006368322480700994,0.0007934269109413726,6.210284398368787,-0.007138209258204404
2026-09-02,0.006602787221852178,1.0159182364544521,0.006707891950108056,0.0007934269109413726,6.210284398368787,0.004592728866435999
2026-09-03,0.006430137537509979,1.015932653220626,0.006532586689056056,0.0007934269109413726,6.210284398368787,0.010524066479573884
2026-09-04,0.007022143124997573,1.015931622991294,0.007134017261855942,0.0007934269109413726,6.210284398368787,-0.003764297695404295
2026-09-08,0.006863617548268266,1.0159156711706312,0.006972856628207477,0.0007934269109413726,6.210284398368787,-0.005857569545634668
2026-09-09,0.006934895707352633,1.0158702945254998,0.0070449545447319436,0.0007934269109413726,6.210284398368787,-0.004854411596777001
2026-09-10,0.00688650934814062,1.0152709582470796,0.006991672944864199,0.0007934269109413726,6.210284398368787,-0.005865460975953195
